nome,codigo,valor,intensidade,uf
CACHOEIRA DO PIRIÁ,1501956,1,s0,Pará
SÃO JOSÉ DOS BASÍLIOS,2111250,0,si,Maranhão
SERRINHA DOS PINTOS,2413557,2,s1,Rio Grande do Norte
MULUNGU DO MORRO,2922052,2,s1,Bahia
CURRALINHOS,2203255,2,s1,Piauí
SANTA MARIA DO SALTO,3158102,0,si,Minas Gerais
SÃO FÉLIX DE BALSAS,2110807,3,s2,Maranhão
ALAGOA NOVA,2500403,2,s1,Paraíba
ITUAÇU,2917201,3,s2,Bahia
MARAVILHA,2704609,3,s2,Alagoas
CAPINZAL DO NORTE,2102754,0,si,Maranhão
SÃO JOSÉ DO PEIXE,2210102,4,s3,Piauí
SÃO JOSÉ DO CAMPESTRE,2412302,2,s1,Rio Grande do Norte
BELA CRUZ,2302305,3,s2,Ceará
FRANCISCO SANTOS,2204204,5,s4,Piauí
BARRA DO OURO,1703073,2,s1,Tocantins
SANTANÓPOLIS,2928307,3,s2,Bahia
AREIA DE BARAÚNAS,2501153,1,s0,Paraíba
GARARU,2802403,1,s0,Sergipe
SANTANA DE MANGUEIRA,2513505,3,s2,Paraíba
VITORINO FREIRE,2113009,0,si,Maranhão
CONCEIÇÃO DO LAGO-AÇU,2103554,0,si,Maranhão
BELÉM,2700805,2,s1,Alagoas
INDEPENDÊNCIA,2305605,5,s4,Ceará
PEDRA AZUL,3148707,2,s1,Minas Gerais
BOM JESUS DA SERRA,2903953,2,s1,Bahia
CHÃ GRANDE,2604502,2,s1,Pernambuco
AMARANTE DO MARANHÃO,2100600,2,s1,Maranhão
MESSIAS,2705200,0,si,Alagoas
CAETÉS,2603207,3,s2,Pernambuco
BREJOLÂNDIA,2904407,4,s3,Bahia
AVELINO LOPES,2201101,3,s2,Piauí
JARDIM DO MULATO,2205250,3,s2,Piauí
POSSE,5218300,3,s2,Goiás
APORÁ,2901908,2,s1,Bahia
BOA HORA,2201770,4,s3,Piauí
CARNAUBAL,2303402,4,s3,Ceará
PAULISTA,2510907,1,s0,Paraíba
PORTO RICO DO MARANHÃO,2109056,3,s2,Maranhão
TURILÂNDIA,2112456,3,s2,Maranhão
ITAGUATINS,1710706,2,s1,Tocantins
SENADOR POMPEU,2312700,4,s3,Ceará
CANTO DO BURITI,2202307,4,s3,Piauí
MANOEL EMÍDIO,2205904,4,s3,Piauí
CARAÚBAS,2402303,2,s1,Rio Grande do Norte
ANADIA,2700201,1,s0,Alagoas
TENENTE ANANIAS,2414100,2,s1,Rio Grande do Norte
PARAMIRIM,2923605,3,s2,Bahia
MARAGOGI,2704500,0,si,Alagoas
OLHO D'ÁGUA GRANDE,2705903,1,s0,Alagoas
ESPERANÇA,2506004,2,s1,Paraíba
ITAJU DO COLÔNIA,2915403,1,s0,Bahia
GALINHOS,2404101,4,s3,Rio Grande do Norte
SÃO LUÍS DO QUITUNDE,2708501,0,si,Alagoas
LAGOA DO BARRO DO PIAUÍ,2205565,4,s3,Piauí
LAFAIETE COUTINHO,2918704,1,s0,Bahia
AGUIAR,2500205,2,s1,Paraíba
MILHÃ,2308351,4,s3,Ceará
LUÍS GOMES,2407005,2,s1,Rio Grande do Norte
GOIANA,2606200,2,s1,Pernambuco
SÃO DOMINGOS DO AZEITÃO,2110658,2,s1,Maranhão
IGARAPÉ GRANDE,2105203,0,si,Maranhão
RIBEIRÃO DO LARGO,2926657,3,s2,Bahia
MATURÉIA,2509396,2,s1,Paraíba
MALHADOR,2803906,1,s0,Sergipe
DÁRIO MEIRA,2910008,1,s0,Bahia
ENCANTO,2403301,2,s1,Rio Grande do Norte
GLÓRIA DO GOITÁ,2606101,2,s1,Pernambuco
VALENÇA,2932903,1,s0,Bahia
BOA NOVA,2903706,2,s1,Bahia
CALUMBI,2603405,4,s3,Pernambuco
SOCORRO DO PIAUÍ,2210904,4,s3,Piauí
ARARIPINA,2601102,5,s4,Pernambuco
PASSIRA,2610509,3,s2,Pernambuco
JANDUÍS,2405207,2,s1,Rio Grande do Norte
ITAPORANGA D'AJUDA,2803203,1,s0,Sergipe
PASTOS BONS,2108009,2,s1,Maranhão
PACAJUS,2309607,4,s3,Ceará
BOM SUCESSO,2502300,2,s1,Paraíba
PAULO AFONSO,2924009,3,s2,Bahia
MONTANHAS,2407708,1,s0,Rio Grande do Norte
CURIMATÁ,2203206,3,s2,Piauí
PEDRO ALEXANDRE,2924207,2,s1,Bahia
MAIRI,2920106,2,s1,Bahia
SÃO MIGUEL DO GOSTOSO,2412559,1,s0,Rio Grande do Norte
CAMPO REDONDO,2402105,2,s1,Rio Grande do Norte
MAMBAÍ,5212709,3,s2,Goiás
DIVINA PASTORA,2802007,1,s0,Sergipe
DOM MACEDO COSTA,2910206,1,s0,Bahia
SANTA HELENA,2513307,2,s1,Paraíba
ITIRUÇU,2916906,1,s0,Bahia
ILHA GRANDE,2204659,1,s0,Piauí
LAJES PINTADAS,2406809,2,s1,Rio Grande do Norte
ROSÁRIO DO CATETE,2806107,1,s0,Sergipe
CAXIAS,2103000,2,s1,Maranhão
UBATÃ,2932309,1,s0,Bahia
COLINAS,2103505,0,si,Maranhão
ALTAMIRA DO MARANHÃO,2100402,0,si,Maranhão
CANINDÉ,2302800,5,s4,Ceará
MANGA,3139300,4,s3,Minas Gerais
SÃO MIGUEL DO ALEIXO,2807006,1,s0,Sergipe
BREJO DO CRUZ,2502805,1,s0,Paraíba
JAGUARIPE,2917805,1,s0,Bahia
MINADOR DO NEGRÃO,2705309,2,s1,Alagoas
CAMUTANGA,2603603,2,s1,Pernambuco
INHAPI,2703304,3,s2,Alagoas
FAGUNDES,2506103,2,s1,Paraíba
SÃO JOÃO DO PARAÍSO,2111052,2,s1,Maranhão
SANTA MARIA DA VITÓRIA,2928109,4,s3,Bahia
QUEIMADAS,2925808,1,s0,Bahia
CHOROZINHO,2303956,4,s3,Ceará
FLORES,2605608,4,s3,Pernambuco
LAGOA DA CANOA,2704104,1,s0,Alagoas
MIGUEL LEÃO,2206308,2,s1,Piauí
LASTRO,2508406,2,s1,Paraíba
ILHÉUS,2913606,1,s0,Bahia
UMBAÚBA,2807600,1,s0,Sergipe
GODOFREDO VIANA,2104305,2,s1,Maranhão
MARIBONDO,2704807,1,s0,Alagoas
PEDRA BRANCA,2511004,2,s1,Paraíba
SÃO RAIMUNDO NONATO,2210607,4,s3,Piauí
OLHO D'ÁGUA DAS CUNHÃS,2107407,0,si,Maranhão
PALMEIRA DO PIAUÍ,2207405,4,s3,Piauí
ESCADA,2605202,1,s0,Pernambuco
REMANSO,2926004,3,s2,Bahia
BACURITUBA,2101350,2,s1,Maranhão
TRAIRI,2313500,5,s4,Ceará
VILA NOVA DOS MARTÍRIOS,2112852,1,s0,Maranhão
RIBEIRÓPOLIS,2806008,1,s0,Sergipe
MADEIRO,2205854,1,s0,Piauí
PALMÁCIA,2310100,5,s4,Ceará
JUNQUEIRO,2704005,1,s0,Alagoas
OURIÇANGAS,2923308,3,s2,Bahia
JAGUARIBARA,2306801,3,s2,Ceará
BELÁGUA,2101731,0,si,Maranhão
HUMBERTO DE CAMPOS,2105005,3,s2,Maranhão
SÃO LUÍS DO CURU,2312601,5,s4,Ceará
RIO LARGO,2707701,0,si,Alagoas
FORTALEZA,2304400,4,s3,Ceará
SANTA LUZIA,2110005,1,s0,Maranhão
ÁGUA BRANCA,2500106,2,s1,Paraíba
ALTOS,2200400,3,s2,Piauí
OLINDINA,2923100,2,s1,Bahia
SÃO SEBASTIÃO DO UMBUZEIRO,2515203,4,s3,Paraíba
MATRIZ DE CAMARAGIBE,2705101,0,si,Alagoas
CAJAPIÓ,2102408,1,s0,Maranhão
BARRA DOS COQUEIROS,2800605,1,s0,Sergipe
ULIANÓPOLIS,1508126,1,s0,Pará
TAQUARANA,2709103,1,s0,Alagoas
MATA DE SÃO JOÃO,2921005,1,s0,Bahia
FERREIROS,2605509,2,s1,Pernambuco
VALENTE,2933000,2,s1,Bahia
POÇÃO DE PEDRAS,2108900,0,si,Maranhão
PETROLINA,2611101,5,s4,Pernambuco
CROATÁ,2304236,4,s3,Ceará
CHAVAL,2303907,1,s0,Ceará
SÃO JOSÉ DA LAGOA TAPADA,2514206,2,s1,Paraíba
CARNAÍBA,2603900,4,s3,Pernambuco
RIACHÃO DO JACUÍPE,2926301,3,s2,Bahia
COELHO NETO,2103406,1,s0,Maranhão
CAETANOS,2905156,3,s2,Bahia
CARAÚBAS,2504074,3,s2,Paraíba
PÃO DE AÇÚCAR,2706406,2,s1,Alagoas
URUÇUÍ,2211209,4,s3,Piauí
BARREIRA,2301950,4,s3,Ceará
SENADOR ALEXANDRE COSTA,2111748,0,si,Maranhão
UBAITABA,2932200,1,s0,Bahia
SÃO BENEDITO,2312304,4,s3,Ceará
CORRENTINA,2909307,4,s3,Bahia
GEMINIANO,2204352,5,s4,Piauí
MARAGOGIPE,2920601,1,s0,Bahia
PIRANHAS,2707107,2,s1,Alagoas
BARRAS,2201200,4,s3,Piauí
BODOCÓ,2602001,5,s4,Pernambuco
ABEL FIGUEIREDO,1500131,1,s0,Pará
NOSSA SENHORA APARECIDA,2804458,1,s0,Sergipe
PEDRA PRETA,2409605,2,s1,Rio Grande do Norte
SANTA CRUZ DA BAIXA VERDE,2612471,3,s2,Pernambuco
MASSAPÊ DO PIAUÍ,2206050,4,s3,Piauí
IGUATU,2305506,2,s1,Ceará
CONDEÚBA,2908705,3,s2,Bahia
FORTIM,2304459,4,s3,Ceará
TANHAÇU,2931004,3,s2,Bahia
JUAZEIRO DO NORTE,2307304,3,s2,Ceará
CANDIBA,2906600,4,s3,Bahia
CAJARI,2102507,0,si,Maranhão
SOLIDÃO,2614402,2,s1,Pernambuco
BAYEUX,2501807,2,s1,Paraíba
CATINGUEIRA,2504207,2,s1,Paraíba
ICÓ,2305407,2,s1,Ceará
SÃO FELIPE,2929107,1,s0,Bahia
LUCRÉCIA,2406908,2,s1,Rio Grande do Norte
XEXÉU,2616506,1,s0,Pernambuco
SANTA FILOMENA,2209203,3,s2,Piauí
BARÃO DE GRAJAÚ,2101509,2,s1,Maranhão
ASSARÉ,2301604,4,s3,Ceará
POTENGI,2311207,4,s3,Ceará
SANTA ROSA DE LIMA,2806503,1,s0,Sergipe
NOVA SOURE,2922904,2,s1,Bahia
ITABAIANINHA,2803005,1,s0,Sergipe
IPAUMIRIM,2305704,2,s1,Ceará
RIACHÃO DO POÇO,2512762,2,s1,Paraíba
OLHO D'ÁGUA DAS FLORES,2705705,2,s1,Alagoas
CAROLINA,2102804,3,s2,Maranhão
PONTE ALTA DO BOM JESUS,1717800,3,s2,Tocantins
MANARI,2609154,4,s3,Pernambuco
MORTUGABA,2921807,3,s2,Bahia
JURU,2508000,2,s1,Paraíba
CUITÉ DE MAMANGUAPE,2505238,2,s1,Paraíba
VIANA,2112803,0,si,Maranhão
CAPITÃO DE CAMPOS,2202406,4,s3,Piauí
VÁRZEA BRANCA,2211357,3,s2,Piauí
JANUÁRIO CICCO,2405306,1,s0,Rio Grande do Norte
CARIÚS,2303303,3,s2,Ceará
GRAJAÚ,2104800,2,s1,Maranhão
SÃO DOMINGOS,2806800,1,s0,Sergipe
CAMOCIM,2302602,2,s1,Ceará
HUGO NAPOLEÃO,2204600,3,s2,Piauí
ALCOBAÇA,2900801,0,si,Bahia
PASSA E FICA,2409100,2,s1,Rio Grande do Norte
AUGUSTINÓPOLIS,1702554,1,s0,Tocantins
PARIPUEIRA,2706448,0,si,Alagoas
CRISTINO CASTRO,2203107,4,s3,Piauí
CURURUPU,2103703,3,s2,Maranhão
TEREZINHA,2615102,2,s1,Pernambuco
SANTO AMARO DAS BROTAS,2806602,1,s0,Sergipe
ARARA,2500908,2,s1,Paraíba
PAJEÚ DO PIAUÍ,2207355,4,s3,Piauí
LIMOEIRO DO NORTE,2307601,4,s3,Ceará
ESPINOSA,3124302,4,s3,Minas Gerais
MARACAÇUMÉ,2106326,1,s0,Maranhão
DOIS RIACHOS,2702504,2,s1,Alagoas
TEOFILÂNDIA,2931509,2,s1,Bahia
CRUZ,2304251,2,s1,Ceará
TUNTUM,2112308,1,s0,Maranhão
SANTANA DO SERIDÓ,2411429,1,s0,Rio Grande do Norte
ITACURUBA,2607406,4,s3,Pernambuco
SAMBAÍBA,2109700,3,s2,Maranhão
CANAVIEIRAS,2906303,1,s0,Bahia
URANDI,2932606,4,s3,Bahia
MORRO DO CHAPÉU,2921708,2,s1,Bahia
SALITRE,2311959,5,s4,Ceará
JUCURUÇU,2918456,0,si,Bahia
IBICUÍ,2912301,1,s0,Bahia
BANABUIÚ,2301851,4,s3,Ceará
CANTANHEDE,2102705,0,si,Maranhão
COREAÚ,2304004,4,s3,Ceará
LANDRI SALES,2205607,3,s2,Piauí
TIBAU DO SUL,2414209,0,si,Rio Grande do Norte
JANDAÍRA,2917904,1,s0,Bahia
PUREZA,2410405,0,si,Rio Grande do Norte
CÂNDIDO MENDES,2102606,3,s2,Maranhão
SANTA LUZIA,2928059,1,s0,Bahia
PASSAGEM,2510709,1,s0,Paraíba
SÃO JOSÉ DOS CORDEIROS,2514800,2,s1,Paraíba
BACABAL,2101202,0,si,Maranhão
CENTRAL,2907608,1,s0,Bahia
BELA VISTA DO PIAUÍ,2201556,4,s3,Piauí
POTIRAGUÁ,2925402,1,s0,Bahia
MATO GROSSO,2509370,1,s0,Paraíba
LAJEDÃO,2918902,0,si,Bahia
GOVERNADOR LUIZ ROCHA,2104628,0,si,Maranhão
ITAPETINGA,2916401,2,s1,Bahia
BOQUIRA,2904100,3,s2,Bahia
MONTE ALEGRE DE SERGIPE,2804201,1,s0,Sergipe
NOVA IBIÁ,2922755,1,s0,Bahia
ITAIÇABA,2306207,4,s3,Ceará
RIACHUELO,2805901,1,s0,Sergipe
SERTÃOZINHO,2515930,2,s1,Paraíba
APODI,2401008,3,s2,Rio Grande do Norte
SANTANA DO MATOS,2411403,2,s1,Rio Grande do Norte
SANTA CRUZ DOS MILAGRES,2209153,4,s3,Piauí
PRAIA NORTE,1718303,2,s1,Tocantins
SANTO ANTÔNIO DOS LOPES,2110302,0,si,Maranhão
PEDRO LAURENTINO,2207934,4,s3,Piauí
INHAMBUPE,2913705,2,s1,Bahia
IPUPIARA,2914109,2,s1,Bahia
QUIXABA,2611533,3,s2,Pernambuco
MONTE ALEGRE,2407807,1,s0,Rio Grande do Norte
CORONEL JOÃO SÁ,2909208,1,s0,Bahia
CANSANÇÃO,2906808,3,s2,Bahia
JANDAÍRA,2405108,3,s2,Rio Grande do Norte
PRESIDENTE DUTRA,2109106,0,si,Maranhão
TREMEDAL,2931806,3,s2,Bahia
PENTECOSTE,2310704,5,s4,Ceará
CONCEIÇÃO DO CANINDÉ,2202802,4,s3,Piauí
SUSSUAPARA,2210938,5,s4,Piauí
ALAGOINHA,2600609,5,s4,Pernambuco
IRACEMA,2306009,2,s1,Ceará
PALESTINA,2706208,2,s1,Alagoas
COTEGIPE,2909406,3,s2,Bahia
SÃO JOSÉ DE RIBAMAR,2111201,3,s2,Maranhão
CATUNDA,2303659,5,s4,Ceará
PRATA DO PIAUÍ,2208601,3,s2,Piauí
SÃO JOÃO DO JAGUARIBE,2312502,4,s3,Ceará
ACARI,2400109,2,s1,Rio Grande do Norte
PORTALEGRE,2410207,2,s1,Rio Grande do Norte
ALEXANDRIA,2400505,2,s1,Rio Grande do Norte
NAZARÉ,2922508,1,s0,Bahia
PIRIPIRI,2208403,4,s3,Piauí
SÃO JOÃO,2613206,3,s2,Pernambuco
MONTADAS,2509503,2,s1,Paraíba
ARAÇAGI,2500809,2,s1,Paraíba
VERA CRUZ,2933208,1,s0,Bahia
SALGADO,2806206,1,s0,Sergipe
VÁRZEA,2414704,1,s0,Rio Grande do Norte
MATEIROS,1712702,3,s2,Tocantins
AROAZES,2200905,4,s3,Piauí
POTIRETAMA,2311231,2,s1,Ceará
CEDRO DE SÃO JOÃO,2801603,1,s0,Sergipe
BARRO,2302008,2,s1,Ceará
ABREU E LIMA,2600054,2,s1,Pernambuco
EUCLIDES DA CUNHA,2910701,2,s1,Bahia
SÃO PAULO DO POTENGI,2412609,1,s0,Rio Grande do Norte
CASTELO DO PIAUÍ,2202604,4,s3,Piauí
XIQUE-XIQUE,2933604,3,s2,Bahia
CACIMBA DE DENTRO,2503506,2,s1,Paraíba
SANTA LUZIA DO ITANHY,2806305,1,s0,Sergipe
DEMERVAL LOBÃO,2203305,2,s1,Piauí
APUAREMA,2901957,1,s0,Bahia
CAMPOS SALES,2302701,5,s4,Ceará
SANTA LUZIA DO NORTE,2707909,0,si,Alagoas
ITABAIANA,2506905,2,s1,Paraíba
CEDRO,2303808,2,s1,Ceará
SÃO BENTO,2513901,1,s0,Paraíba
COROATÁ,2103604,0,si,Maranhão
ITAPISSUMA,2607752,1,s0,Pernambuco
HORIZONTE,2305233,4,s3,Ceará
EXU,2605301,5,s4,Pernambuco
SUCUPIRA DO NORTE,2111904,1,s0,Maranhão
SALINAS DA MARGARIDA,2927309,1,s0,Bahia
COCOS,2908101,4,s3,Bahia
NATAL,2408102,0,si,Rio Grande do Norte
COXIXOLA,2504850,3,s2,Paraíba
FERNANDO FALCÃO,2104081,2,s1,Maranhão
SERROLÂNDIA,2930600,1,s0,Bahia
IGARASSU,2606804,2,s1,Pernambuco
PRIMAVERA,2611408,2,s1,Pernambuco
RIACHÃO DO BACAMARTE,2512754,2,s1,Paraíba
SÃO JOSÉ DA VITÓRIA,2929354,1,s0,Bahia
BREJO,2102101,1,s0,Maranhão
MULUNGU,2509800,2,s1,Paraíba
RAFAEL GODEIRO,2410603,2,s1,Rio Grande do Norte
ALCANTIL,2500536,3,s2,Paraíba
PILAR,2706901,1,s0,Alagoas
ORÓS,2309508,2,s1,Ceará
MURIBECA,2804300,1,s0,Sergipe
PALMEIRAS,2923506,2,s1,Bahia
ITANAGRA,2915908,1,s0,Bahia
MALHADA DE PEDRAS,2920304,3,s2,Bahia
AREIA BRANCA,2800506,1,s0,Sergipe
AREIA BRANCA,2401107,4,s3,Rio Grande do Norte
SÃO MIGUEL,2412500,2,s1,Rio Grande do Norte
GUARATINGA,2911808,0,si,Bahia
IPOJUCA,2607208,0,si,Pernambuco
AFRÂNIO,2600203,5,s4,Pernambuco
SÃO JOSÉ DO BREJO DO CRUZ,2514651,1,s0,Paraíba
BOM JESUS,2401701,1,s0,Rio Grande do Norte
LAGO VERDE,2105906,0,si,Maranhão
SERRA GRANDE,2515708,2,s1,Paraíba
SÃO BENTO DO NORTE,2411601,2,s1,Rio Grande do Norte
RETIROLÂNDIA,2926103,2,s1,Bahia
FRECHEIRINHA,2304509,3,s2,Ceará
TEJUÇUOCA,2313351,5,s4,Ceará
SÃO BENTO DO UNA,2613008,4,s3,Pernambuco
PICUÍ,2511400,2,s1,Paraíba
DIVISÓPOLIS,3122454,1,s0,Minas Gerais
CAJAZEIRINHAS,2503753,1,s0,Paraíba
SEVERIANO MELO,2413607,2,s1,Rio Grande do Norte
BARAÚNA,2401453,4,s3,Rio Grande do Norte
NOSSA SENHORA DE LOURDES,2804706,1,s0,Sergipe
CALÇADO,2603306,3,s2,Pernambuco
CRUZ DO ESPÍRITO SANTO,2504900,2,s1,Paraíba
JUVENÍLIA,3136959,4,s3,Minas Gerais
RAFAEL FERNANDES,2410504,2,s1,Rio Grande do Norte
TAPEROÁ,2931202,1,s0,Bahia
CAMPO DO BRITO,2801009,1,s0,Sergipe
SÃO JOSÉ DOS RAMOS,2514453,2,s1,Paraíba
QUIXADÁ,2311306,4,s3,Ceará
JERICÓ,2507408,1,s0,Paraíba
MATARACA,2509305,1,s0,Paraíba
VARGEM GRANDE,2112704,0,si,Maranhão
JUNDIÁ,2703908,0,si,Alagoas
FEIRA DE SANTANA,2910800,3,s2,Bahia
LAGO DA PEDRA,2105708,0,si,Maranhão
BOM JESUS,2201903,4,s3,Piauí
ALCÂNTARA,2100204,3,s2,Maranhão
JÚLIO BORGES,2205524,3,s2,Piauí
AXIXÁ,2101103,1,s0,Maranhão
MONTE ALEGRE DO PIAUÍ,2206605,3,s2,Piauí
MUCURI,2922003,0,si,Bahia
BIRITINGA,2903607,2,s1,Bahia
CENTRO DO GUILHERME,2103158,0,si,Maranhão
FLORÂNIA,2403806,2,s1,Rio Grande do Norte
JEREMOABO,2918100,3,s2,Bahia
CANGUARETAMA,2402204,1,s0,Rio Grande do Norte
SÃO JOÃO DO ARRAIAL,2209971,1,s0,Piauí
LAGOA NOVA,2406502,2,s1,Rio Grande do Norte
AMARAJI,2600906,2,s1,Pernambuco
POCINHOS,2512002,2,s1,Paraíba
JUSSIAPE,2918605,3,s2,Bahia
BONITO DE SANTA FÉ,2502409,2,s1,Paraíba
CORONEL EZEQUIEL,2402808,2,s1,Rio Grande do Norte
UBAJARA,2313609,3,s2,Ceará
SÃO GONÇALO DOS CAMPOS,2929305,3,s2,Bahia
PINDOBAÇU,2924603,2,s1,Bahia
COCAL DE TELHA,2202711,4,s3,Piauí
GARANHUNS,2606002,3,s2,Pernambuco
ÁGUAS BELAS,2600500,3,s2,Pernambuco
GUARIBAS,2204550,4,s3,Piauí
MAJOR ISIDORO,2704401,2,s1,Alagoas
BOM LUGAR,2102077,0,si,Maranhão
MATINHA,2106508,0,si,Maranhão
BONITO,2904050,2,s1,Bahia
UNA,2932507,1,s0,Bahia
MARACANAÚ,2307650,4,s3,Ceará
CÂNDIDO SALES,2906709,3,s2,Bahia
POÇO DANTAS,2512036,2,s1,Paraíba
MURICI,2705507,1,s0,Alagoas
GRANJEIRO,2304806,2,s1,Ceará
CARNAUBEIRA DA PENHA,2603926,4,s3,Pernambuco
SERRA DE SÃO BENTO,2413300,2,s1,Rio Grande do Norte
CRISÓPOLIS,2909604,2,s1,Bahia
PORTO FRANCO,2109007,2,s1,Maranhão
SANTA RITA DE CÁSSIA,2928406,3,s2,Bahia
PILÕES,2511608,2,s1,Paraíba
BARRO ALTO,2903235,1,s0,Bahia
MALHADA,2920205,4,s3,Bahia
CAMPO MAIOR,2202208,4,s3,Piauí
PIAÇABUÇU,2706802,0,si,Alagoas
SANTA FILOMENA DO MARANHÃO,2109759,0,si,Maranhão
ITIÚBA,2917003,3,s2,Bahia
MALHADA DOS BOIS,2803807,1,s0,Sergipe
ARATACA,2902252,1,s0,Bahia
PRESIDENTE SARNEY,2109270,1,s0,Maranhão
DESTERRO,2505402,2,s1,Paraíba
MIRANGABA,2921401,1,s0,Bahia
LOGRADOURO,2508554,2,s1,Paraíba
SÃO RAIMUNDO DAS MANGABEIRAS,2111607,3,s2,Maranhão
JUNDIÁ,2406155,1,s0,Rio Grande do Norte
SOUSA,2516201,2,s1,Paraíba
RIACHÃO,2109502,3,s2,Maranhão
COLÔNIA DO GURGUÉIA,2202752,4,s3,Piauí
CHÃ DE ALEGRIA,2604403,2,s1,Pernambuco
SANTA CRUZ DA VITÓRIA,2927804,1,s0,Bahia
PALMEIRAIS,2207504,2,s1,Piauí
INGAZEIRA,2607109,3,s2,Pernambuco
COREMAS,2504801,2,s1,Paraíba
MARI,2509107,2,s1,Paraíba
SANTA FILOMENA,2612554,5,s4,Pernambuco
GONGOGI,2911501,1,s0,Bahia
BONITO DE MINAS,3108255,3,s2,Minas Gerais
LAGOA SALGADA,2406601,1,s0,Rio Grande do Norte
PALMEIRAS DO TOCANTINS,1713809,2,s1,Tocantins
UMBURANAS,2932457,2,s1,Bahia
INAJÁ,2607000,4,s3,Pernambuco
NOSSA SENHORA DE NAZARÉ,2206753,4,s3,Piauí
ITAUEIRA,2205102,3,s2,Piauí
FREI MIGUELINHO,2605806,3,s2,Pernambuco
NAZÁRIA,2206720,2,s1,Piauí
BARRA DO CORDA,2101608,2,s1,Maranhão
RIO GRANDE DO PIAUÍ,2209005,3,s2,Piauí
ITAMARAJU,2915601,0,si,Bahia
UAUÁ,2932002,3,s2,Bahia
JATAÚBA,2608008,5,s4,Pernambuco
CORTÊS,2604809,2,s1,Pernambuco
SÃO SEBASTIÃO DE LAGOA DE ROÇA,2515104,2,s1,Paraíba
PIATÃ,2924306,2,s1,Bahia
TOMAR DO GERU,2807501,1,s0,Sergipe
PIRAÍ DO NORTE,2924678,1,s0,Bahia
TELHA,2807303,1,s0,Sergipe
JAPOATÃ,2803401,1,s0,Sergipe
SÃO RAIMUNDO DO DOCA BEZERRA,2111631,0,si,Maranhão
OUROLÂNDIA,2923357,1,s0,Bahia
CARUTAPERA,2102903,2,s1,Maranhão
PROPRIÁ,2805703,1,s0,Sergipe
SÃO JULIÃO,2210300,5,s4,Piauí
SÃO DESIDÉRIO,2928901,3,s2,Bahia
PERI MIRIM,2108405,2,s1,Maranhão
LUÍS CORREIA,2205706,1,s0,Piauí
PARELHAS,2408904,2,s1,Rio Grande do Norte
ITAQUARA,2916708,1,s0,Bahia
ARCOVERDE,2601201,4,s3,Pernambuco
JARDIM DE PIRANHAS,2405603,1,s0,Rio Grande do Norte
RIBEIRÃO,2611804,2,s1,Pernambuco
CABACEIRAS,2503100,2,s1,Paraíba
JOSÉ DE FREITAS,2205508,3,s2,Piauí
SÃO JOSÉ DA COROA GRANDE,2613404,0,si,Pernambuco
PRESIDENTE DUTRA,2925600,1,s0,Bahia
RIBAMAR FIQUENE,2109551,2,s1,Maranhão
GURJÃO,2506509,2,s1,Paraíba
PARARI,2510659,2,s1,Paraíba
JUNCO DO MARANHÃO,2105658,1,s0,Maranhão
BURITI,2102200,1,s0,Maranhão
ITAETÉ,2915007,2,s1,Bahia
MOGEIRO,2509404,2,s1,Paraíba
JAGUARUANA,2307007,4,s3,Ceará
MAGALHÃES DE ALMEIDA,2106300,1,s0,Maranhão
LAGOA DO SÍTIO,2205599,5,s4,Piauí
ANAGÉ,2901205,3,s2,Bahia
POÇO DE JOSÉ DE MOURA,2512077,2,s1,Paraíba
IPU,2305803,4,s3,Ceará
ANDORINHA,2901353,4,s3,Bahia
TANQUINHO,2931103,3,s2,Bahia
PIQUET CARNEIRO,2310902,3,s2,Ceará
SANTANA DO MUNDAÚ,2708105,2,s1,Alagoas
CAICÓ,2402006,1,s0,Rio Grande do Norte
MASSARANDUBA,2509206,2,s1,Paraíba
CASCAVEL,2303501,4,s3,Ceará
PARNAMIRIM,2403251,0,si,Rio Grande do Norte
CANDEAL,2906402,3,s2,Bahia
BOM JESUS DAS SELVAS,2102036,1,s0,Maranhão
OLIVEDOS,2510501,2,s1,Paraíba
SURUBIM,2614501,3,s2,Pernambuco
FARTURA DO PIAUÍ,2203750,3,s2,Piauí
BAIXA GRANDE DO RIBEIRO,2201150,3,s2,Piauí
CRISTINÁPOLIS,2801702,1,s0,Sergipe
DORMENTES,2605152,5,s4,Pernambuco
WANDERLEY,2933455,3,s2,Bahia
JUAZEIRO,2918407,3,s2,Bahia
SÃO JOÃO DO TIGRE,2514107,5,s4,Paraíba
ITATUBA,2507200,2,s1,Paraíba
CAUCAIA,2303709,5,s4,Ceará
CABECEIRAS DO PIAUÍ,2202059,3,s2,Piauí
SANTO ANTÔNIO DO JACINTO,3160306,0,si,Minas Gerais
IRAJUBA,2914208,2,s1,Bahia
APARECIDA,2500775,2,s1,Paraíba
CARUARU,2604106,4,s3,Pernambuco
SANTA CRUZ DO PIAUÍ,2209104,4,s3,Piauí
CAMALAÚ,2503902,4,s3,Paraíba
ANGICAL,2901403,3,s2,Bahia
HELIÓPOLIS,2911857,1,s0,Bahia
SÃO JOSÉ DO EGITO,2613602,3,s2,Pernambuco
CATURAMA,2907558,3,s2,Bahia
PAULISTA,2610707,2,s1,Pernambuco
CONTENDAS DO SINCORÁ,2908804,3,s2,Bahia
JOSELÂNDIA,2105609,0,si,Maranhão
MACEIÓ,2704302,0,si,Alagoas
SÃO FÉLIX DO CORIBE,2929057,4,s3,Bahia
SUCUPIRA DO RIACHÃO,2111953,1,s0,Maranhão
LAJEDO DO TABOCAL,2919058,1,s0,Bahia
TUPANATINGA,2615805,4,s3,Pernambuco
TEODORO SAMPAIO,2931400,2,s1,Bahia
BOM CONSELHO,2602100,2,s1,Pernambuco
CUSTÓDIA,2605103,4,s3,Pernambuco
QUIXELÔ,2311355,2,s1,Ceará
ROTEIRO,2707800,0,si,Alagoas
IBIRAPITANGA,2912707,1,s0,Bahia
BELÉM DO BREJO DO CRUZ,2502003,1,s0,Paraíba
NOSSA SENHORA DOS REMÉDIOS,2206803,1,s0,Piauí
RONDON DO PARÁ,1506187,1,s0,Pará
MONSENHOR HIPÓLITO,2206506,5,s4,Piauí
VARJOTA,2313955,4,s3,Ceará
TANQUE DO PIAUÍ,2210979,4,s3,Piauí
MISSÃO VELHA,2308401,4,s3,Ceará
CASTRO ALVES,2907301,2,s1,Bahia
SERRARIA,2515906,2,s1,Paraíba
CIPÓ,2907905,1,s0,Bahia
OROBÓ,2609709,2,s1,Pernambuco
MARANGUAPE,2307700,5,s4,Ceará
SÃO LOURENÇO DA MATA,2613701,2,s1,Pernambuco
TRIUNFO,2516805,2,s1,Paraíba
PARACURU,2310209,5,s4,Ceará
MATÕES,2106607,1,s0,Maranhão
GRAVATÁ,2606408,3,s2,Pernambuco
SÍTIO NOVO,2413706,2,s1,Rio Grande do Norte
SERTÂNIA,2614105,4,s3,Pernambuco
ALCÂNTARAS,2300507,4,s3,Ceará
REDENÇÃO DO GURGUÉIA,2208700,3,s2,Piauí
TASSO FRAGOSO,2112001,3,s2,Maranhão
FORMOSA DO RIO PRETO,2911105,3,s2,Bahia
PAVUSSU,2207850,3,s2,Piauí
SOLONÓPOLE,2313005,4,s3,Ceará
SÃO LUÍS GONZAGA DO MARANHÃO,2111409,0,si,Maranhão
TRIUNFO,2615706,3,s2,Pernambuco
SIMÕES,2210706,5,s4,Piauí
JITAÚNA,2918308,1,s0,Bahia
LIMOEIRO DE ANADIA,2704203,1,s0,Alagoas
SÃO LUÍS,2111300,3,s2,Maranhão
RECIFE,2611606,1,s0,Pernambuco
MONTEIRO,2509701,4,s3,Paraíba
BUENOS AIRES,2602704,2,s1,Pernambuco
BOQUEIRÃO,2502508,2,s1,Paraíba
SÃO LOURENÇO DO PIAUÍ,2210359,4,s3,Piauí
ABAÍRA,2900108,2,s1,Bahia
SERRA DO MEL,2413359,4,s3,Rio Grande do Norte
POÇO DAS TRINCHEIRAS,2707206,2,s1,Alagoas
MONTE HOREBE,2509602,2,s1,Paraíba
VERA CRUZ,2414803,0,si,Rio Grande do Norte
JERUMENHA,2205300,2,s1,Piauí
MARAJÁ DO SENA,2106359,1,s0,Maranhão
GRAÇA ARANHA,2104701,0,si,Maranhão
PAULINO NEVES,2108058,0,si,Maranhão
CANUDOS,2906824,3,s2,Bahia
BARREIROS,2601409,0,si,Pernambuco
RIACHO FRIO,2208858,3,s2,Piauí
ELESBÃO VELOSO,2203503,4,s3,Piauí
DIANÓPOLIS,1707009,3,s2,Tocantins
MATÕES DO NORTE,2106631,0,si,Maranhão
RIO DA CONCEIÇÃO,1718659,3,s2,Tocantins
PATOS DO PIAUÍ,2207777,4,s3,Piauí
MONTES ALTOS,2107001,2,s1,Maranhão
ITAPEBI,2916302,1,s0,Bahia
NOVA PALMEIRA,2510303,2,s1,Paraíba
PARAGOMINAS,1505502,1,s0,Pará
CURRAIS NOVOS,2403103,2,s1,Rio Grande do Norte
ITABAIANA,2802908,1,s0,Sergipe
ITAJÁ,2404853,2,s1,Rio Grande do Norte
ÁGUA PRETA,2600401,1,s0,Pernambuco
ITUBERÁ,2917300,1,s0,Bahia
BOM JESUS DA LAPA,2903904,4,s3,Bahia
CAPIM,2504033,2,s1,Paraíba
QUIXERAMOBIM,2311405,5,s4,Ceará
FRANCISCO MACEDO,2204154,5,s4,Piauí
SÃO FRANCISCO DO OESTE,2411908,2,s1,Rio Grande do Norte
DAMIANÓPOLIS,5206701,3,s2,Goiás
TENÓRIO,2516755,2,s1,Paraíba
VERTENTE DO LÉRIO,2616183,3,s2,Pernambuco
BARROCAS,2903276,2,s1,Bahia
SÃO BENEDITO DO RIO PRETO,2110401,0,si,Maranhão
CAIÇARA DO RIO DO VENTO,2401909,2,s1,Rio Grande do Norte
PORTO DE PEDRAS,2707404,0,si,Alagoas
CAXINGÓ,2202653,1,s0,Piauí
ZABELÊ,2517407,4,s3,Paraíba
CAJUEIRO,2701308,2,s1,Alagoas
LAJE,2918803,1,s0,Bahia
ANDARAÍ,2901304,2,s1,Bahia
ILHA DE ITAMARACÁ,2607604,1,s0,Pernambuco
OURO BRANCO,2408508,1,s0,Rio Grande do Norte
LAGO DO JUNCO,2105807,0,si,Maranhão
BETÂNIA,2601805,4,s3,Pernambuco
NOVO HORIZONTE,2923035,2,s1,Bahia
LARANJEIRAS,2803609,1,s0,Sergipe
NOVO TRIUNFO,2923050,1,s0,Bahia
CASA NOVA,2907202,4,s3,Bahia
SÃO VICENTE FERRER,2111706,0,si,Maranhão
CANINDÉ DE SÃO FRANCISCO,2801207,2,s1,Sergipe
MONTALVÂNIA,3142700,4,s3,Minas Gerais
VÁRZEA,2517100,1,s0,Paraíba
FEIRA GRANDE,2702603,1,s0,Alagoas
AFONSO BEZERRA,2400307,3,s2,Rio Grande do Norte
MARCOS PARENTE,2206001,2,s1,Piauí
PIO XII,2108702,0,si,Maranhão
PEDRA,2610806,4,s3,Pernambuco
SANTA MARIA DA BOA VISTA,2612604,5,s4,Pernambuco
ITAGUAÇU DA BAHIA,2915353,3,s2,Bahia
JOAQUIM NABUCO,2608206,2,s1,Pernambuco
SOBRAL,2312908,5,s4,Ceará
CARIRÉ,2303105,4,s3,Ceará
BREJINHO,2401800,1,s0,Rio Grande do Norte
CORRENTE,2202901,3,s2,Piauí
ADUSTINA,2900355,1,s0,Bahia
PRATA,2512200,3,s2,Paraíba
JACARACI,2917409,4,s3,Bahia
PILAR,2511509,2,s1,Paraíba
TANQUE NOVO,2931053,3,s2,Bahia
DARCINÓPOLIS,1706506,2,s1,Tocantins
COARACI,2908002,1,s0,Bahia
LAGOA DE VELHOS,2406403,1,s0,Rio Grande do Norte
CRUZETA,2403004,2,s1,Rio Grande do Norte
SÃO FRANCISCO,2513984,2,s1,Paraíba
CARDEAL DA SILVA,2907004,1,s0,Bahia
PRESIDENTE MÉDICI,2109239,1,s0,Maranhão
MARECHAL DEODORO,2704708,0,si,Alagoas
GUADALUPE,2204501,2,s1,Piauí
ILHA DAS FLORES,2802700,1,s0,Sergipe
LAURO DE FREITAS,2919207,1,s0,Bahia
SANTA RITA,2513703,2,s1,Paraíba
PRINCESA ISABEL,2512309,3,s2,Paraíba
VARZEDO,2933174,1,s0,Bahia
CANDEIAS,2906501,1,s0,Bahia
VÁRZEA DA ROÇA,2933059,2,s1,Bahia
SALGADO DE SÃO FÉLIX,2513109,2,s1,Paraíba
LAGOA DE DENTRO,2508208,2,s1,Paraíba
BOM JESUS DO TOCANTINS,1501576,1,s0,Pará
TAIPU,2413904,0,si,Rio Grande do Norte
PICOS,2208007,5,s4,Piauí
PARICONHA,2706422,3,s2,Alagoas
GOVERNADOR NUNES FREIRE,2104677,2,s1,Maranhão
QUEIMADAS,2512507,2,s1,Paraíba
CAPITÃO GERVÁSIO OLIVEIRA,2202455,4,s3,Piauí
ITABELA,2914653,0,si,Bahia
CARINHANHA,2907103,4,s3,Bahia
FIRMINO ALVES,2910909,1,s0,Bahia
VITÓRIA DA CONQUISTA,2933307,3,s2,Bahia
COCAL DOS ALVES,2202729,2,s1,Piauí
JUPI,2608305,3,s2,Pernambuco
PARIPIRANGA,2923803,1,s0,Bahia
SÃO GONÇALO DO PIAUÍ,2209807,2,s1,Piauí
ESPÍRITO SANTO,2403509,1,s0,Rio Grande do Norte
MATINHAS,2509339,2,s1,Paraíba
VENTUROSA,2616001,4,s3,Pernambuco
ITAÍBA,2607505,4,s3,Pernambuco
JANUÁRIA,3135209,3,s2,Minas Gerais
NATUBA,2509909,2,s1,Paraíba
CORONEL JOSÉ DIAS,2202851,4,s3,Piauí
ITORORÓ,2917102,1,s0,Bahia
JORDÂNIA,3136504,1,s0,Minas Gerais
GROAÍRAS,2304905,4,s3,Ceará
ARACI,2902104,2,s1,Bahia
SANTANA DO CARIRI,2312106,4,s3,Ceará
MACHADOS,2609105,2,s1,Pernambuco
PIRPIRITUBA,2511806,2,s1,Paraíba
GUAIÚBA,2304954,4,s3,Ceará
PACUJÁ,2309904,4,s3,Ceará
SANTA INÊS,2109908,0,si,Maranhão
TARRAFAS,2313252,4,s3,Ceará
CAPISTRANO,2302909,4,s3,Ceará
MARTINÓPOLE,2307908,3,s2,Ceará
PASSAGEM FRANCA DO PIAUÍ,2207751,3,s2,Piauí
IGARACY,2502607,2,s1,Paraíba
SÃO MIGUEL DOS CAMPOS,2708600,0,si,Alagoas
POÇÕES,2925105,3,s2,Bahia
ALTO SANTO,2300705,3,s2,Ceará
GUARABIRA,2506301,2,s1,Paraíba
PORTO,2208502,1,s0,Piauí
SAPEAÇU,2929602,1,s0,Bahia
ITAPICURU,2916500,1,s0,Bahia
SÃO SEBASTIÃO DO PASSÉ,2929503,1,s0,Bahia
TAMBORIL,2313203,5,s4,Ceará
VÁRZEA ALEGRE,2314003,2,s1,Ceará
SANTA MARIA,2409332,1,s0,Rio Grande do Norte
LIMA CAMPOS,2106003,0,si,Maranhão
NAZARÉ DA MATA,2609501,2,s1,Pernambuco
CEARÁ-MIRIM,2402600,0,si,Rio Grande do Norte
ANGICAL DO PIAUÍ,2200608,2,s1,Piauí
SANTO ANDRÉ,2513851,2,s1,Paraíba
SANHARÓ,2612406,5,s4,Pernambuco
IRAQUARA,2914406,2,s1,Bahia
FEIRA NOVA,2605400,2,s1,Pernambuco
BREJO DA MADRE DE DEUS,2602605,5,s4,Pernambuco
RIO DO PIRES,2926905,2,s1,Bahia
RERIUTABA,2311702,4,s3,Ceará
AMPARO,2500734,2,s1,Paraíba
ICATU,2105104,3,s2,Maranhão
CARAÍBAS,2906899,3,s2,Bahia
CURAÇÁ,2909901,5,s4,Bahia
CONCEIÇÃO DO JACUÍPE,2908507,2,s1,Bahia
CHORÓ,2303931,5,s4,Ceará
IBARETAMA,2305266,4,s3,Ceará
SANTA CRUZ,2612455,5,s4,Pernambuco
SÍTIO NOVO,2111805,2,s1,Maranhão
INGÁ,2506806,2,s1,Paraíba
LIZARDA,1712405,3,s2,Tocantins
SANTO ANTÔNIO DOS MILAGRES,2209450,2,s1,Piauí
CÍCERO DANTAS,2907806,1,s0,Bahia
CATENDE,2604205,2,s1,Pernambuco
PEDRA BRANCA,2310506,5,s4,Ceará
MILAGRES,2308302,3,s2,Ceará
JAICÓS,2205201,5,s4,Piauí
NAZAREZINHO,2510006,2,s1,Paraíba
SÃO JOSÉ DE ESPINHARAS,2514404,1,s0,Paraíba
CORONEL JOÃO PESSOA,2402907,2,s1,Rio Grande do Norte
DOUTOR SEVERIANO,2403202,2,s1,Rio Grande do Norte
PIO IX,2208205,5,s4,Piauí
RODELAS,2927101,3,s2,Bahia
CUITÉ,2505105,2,s1,Paraíba
PORTO DA FOLHA,2805604,1,s0,Sergipe
SERRA DOS AIMORÉS,3166709,0,si,Minas Gerais
LAGOA DE ITAENGA,2608503,2,s1,Pernambuco
NOVA FÁTIMA,2922730,2,s1,Bahia
PALMEIRINA,2610103,2,s1,Pernambuco
BREJÃO,2602407,2,s1,Pernambuco
TIMBAÚBA DOS BATISTAS,2414308,1,s0,Rio Grande do Norte
SÃO GONÇALO DO AMARANTE,2412005,0,si,Rio Grande do Norte
RIBEIRA DO PIAUÍ,2208874,4,s3,Piauí
PÉ DE SERRA,2924058,2,s1,Bahia
CURRAIS,2203230,4,s3,Piauí
BAIXA GRANDE,2902609,2,s1,Bahia
CAIRU,2905404,1,s0,Bahia
MARAIAL,2609204,1,s0,Pernambuco
ÁGUA NOVA,2400406,2,s1,Rio Grande do Norte
ÁGUAS VERMELHAS,3101003,3,s2,Minas Gerais
RUY BARBOSA,2411106,2,s1,Rio Grande do Norte
CARNAÚBA DOS DANTAS,2402402,2,s1,Rio Grande do Norte
REDENÇÃO,2311603,4,s3,Ceará
PARAÚ,2408706,2,s1,Rio Grande do Norte
SÃO JOÃO DO RIO DO PEIXE,2500700,2,s1,Paraíba
MARUIM,2804003,1,s0,Sergipe
GOVERNADOR MANGABEIRA,2911600,1,s0,Bahia
IBIPITANGA,2912509,2,s1,Bahia
CATOLÉ DO ROCHA,2504306,1,s0,Paraíba
ÉRICO CARDOSO,2900504,3,s2,Bahia
POJUCA,2925204,1,s0,Bahia
SERRA CAIADA,2410306,1,s0,Rio Grande do Norte
PEDRA GRANDE,2409506,1,s0,Rio Grande do Norte
QUITERIANÓPOLIS,2311264,5,s4,Ceará
UMIRIM,2313757,5,s4,Ceará
FLORESTA,2605707,4,s3,Pernambuco
GONÇALVES DIAS,2104404,0,si,Maranhão
NOVA OLINDA,2510204,2,s1,Paraíba
OLINDA,2609600,0,si,Pernambuco
PASSAGEM,2409209,1,s0,Rio Grande do Norte
ALTO PARNAÍBA,2100501,3,s2,Maranhão
PORANGA,2311009,4,s3,Ceará
JARAMATAIA,2703700,2,s1,Alagoas
MIRADOR,2106706,2,s1,Maranhão
NOSSA SENHORA DAS DORES,2804607,1,s0,Sergipe
VÁRZEA GRANDE,2211407,4,s3,Piauí
VIÇOSA,2414902,2,s1,Rio Grande do Norte
SÃO MIGUEL DE TAIPU,2515005,2,s1,Paraíba
POÇO REDONDO,2805406,2,s1,Sergipe
TIMBAÚBA,2615300,2,s1,Pernambuco
AIQUARA,2900603,1,s0,Bahia
CAÉM,2905107,1,s0,Bahia
ITATIM,2916856,2,s1,Bahia
MORRO CABEÇA NO TEMPO,2206654,3,s2,Piauí
MIRINZAL,2106805,3,s2,Maranhão
SÃO JOSÉ DO PIAUÍ,2210201,5,s4,Piauí
DELMIRO GOUVEIA,2702405,3,s2,Alagoas
ICHU,2913309,2,s1,Bahia
TUFILÂNDIA,2112274,0,si,Maranhão
ACOPIARA,2300309,3,s2,Ceará
VIÇOSA DO CEARÁ,2314102,2,s1,Ceará
TIMBIRAS,2112100,1,s0,Maranhão
SOLÂNEA,2516003,2,s1,Paraíba
GOVERNADOR EDISON LOBÃO,2104552,2,s1,Maranhão
CODÓ,2103307,1,s0,Maranhão
ALTANEIRA,2300606,4,s3,Ceará
ANGICOS,2400802,2,s1,Rio Grande do Norte
BUERAREMA,2904704,1,s0,Bahia
TOUROS,2414407,1,s0,Rio Grande do Norte
LAGOA DO MATO,2105922,0,si,Maranhão
AMARANTE,2200509,3,s2,Piauí
CAMPO ALEGRE,2701407,1,s0,Alagoas
UMARI,2313708,2,s1,Ceará
PRADO,2925501,0,si,Bahia
CUMBE,2801900,1,s0,Sergipe
BATURITÉ,2302107,4,s3,Ceará
PEDRO DO ROSÁRIO,2108256,0,si,Maranhão
NOVO JARDIM,1715259,3,s2,Tocantins
FLORESTA DO PIAUÍ,2203859,4,s3,Piauí
NOVA FLORESTA,2510105,2,s1,Paraíba
BOA VIAGEM,2302404,5,s4,Ceará
PINHEIRO,2108603,3,s2,Maranhão
MARACÁS,2920502,2,s1,Bahia
SANTA HELENA,2109809,3,s2,Maranhão
NINA RODRIGUES,2107209,0,si,Maranhão
ATALAIA,2700409,1,s0,Alagoas
IGUARACY,2606903,4,s3,Pernambuco
TIANGUÁ,2313401,3,s2,Ceará
RODOLFO FERNANDES,2411007,2,s1,Rio Grande do Norte
PENEDO,2706703,1,s0,Alagoas
RIBEIRO GONÇALVES,2208908,3,s2,Piauí
AQUIRAZ,2301000,4,s3,Ceará
BAÍA FORMOSA,2401404,1,s0,Rio Grande do Norte
SÃO SEBASTIÃO,2708808,1,s0,Alagoas
FÁTIMA,2910750,1,s0,Bahia
BREJO DE AREIA,2102150,0,si,Maranhão
SÃO JOSÉ DE MIPIBU,2412203,0,si,Rio Grande do Norte
RIO DE CONTAS,2926707,3,s2,Bahia
MONÇÃO,2106904,0,si,Maranhão
ANTÔNIO MARTINS,2400901,2,s1,Rio Grande do Norte
BELÉM DE MARIA,2601508,2,s1,Pernambuco
PORTO DO MANGUE,2410256,4,s3,Rio Grande do Norte
SÃO PEDRO,2412708,1,s0,Rio Grande do Norte
PANELAS,2610202,2,s1,Pernambuco
PIRITIBA,2924801,1,s0,Bahia
PAU D'ARCO DO PIAUÍ,2207793,3,s2,Piauí
SÃO BENTO DO TRAIRÍ,2411700,2,s1,Rio Grande do Norte
FLEXEIRAS,2702801,1,s0,Alagoas
FORTALEZA DOS NOGUEIRAS,2104107,3,s2,Maranhão
FORQUILHA,2304350,4,s3,Ceará
TEOLÂNDIA,2931608,1,s0,Bahia
GLÓRIA,2911402,3,s2,Bahia
BROTAS DE MACAÚBAS,2904506,2,s1,Bahia
GROSSOS,2404408,3,s2,Rio Grande do Norte
SÃO JOÃO DO SABUGI,2412104,1,s0,Rio Grande do Norte
SERRA BRANCA,2515500,3,s2,Paraíba
LAGOA GRANDE,2608750,5,s4,Pernambuco
ANGELIM,2601003,2,s1,Pernambuco
PARNAMIRIM,2610400,5,s4,Pernambuco
IBITITÁ,2913101,1,s0,Bahia
DUAS ESTRADAS,2505808,2,s1,Paraíba
PALHANO,2310001,4,s3,Ceará
CALDEIRÃO GRANDE DO PIAUÍ,2202091,5,s4,Piauí
MILAGRES,2921302,2,s1,Bahia
NOVA CANAÃ,2922706,2,s1,Bahia
OURO BRANCO,2706109,3,s2,Alagoas
BAIANÓPOLIS,2902500,4,s3,Bahia
TAQUARITINGA DO NORTE,2615003,4,s3,Pernambuco
CATU,2907509,1,s0,Bahia
SÃO MAMEDE,2514909,1,s0,Paraíba
CANHOTINHO,2603702,2,s1,Pernambuco
VÁRZEA DO POÇO,2933109,1,s0,Bahia
PARAMBU,2310308,5,s4,Ceará
TRIUNFO POTIGUAR,2414456,2,s1,Rio Grande do Norte
OLHO D'ÁGUA,2510402,2,s1,Paraíba
URBANO SANTOS,2112605,0,si,Maranhão
ARAÇOIABA,2601052,2,s1,Pernambuco
SANTA LUZIA DO PARUÁ,2110039,1,s0,Maranhão
DAVINÓPOLIS,2103752,2,s1,Maranhão
CAJAZEIRAS,2503704,2,s1,Paraíba
BARRO PRETO,2903300,1,s0,Bahia
GENTIO DO OURO,2911303,2,s1,Bahia
CHAPADA GAÚCHA,3116159,3,s2,Minas Gerais
BOQUIM,2800670,1,s0,Sergipe
SÃO FERNANDO,2411809,1,s0,Rio Grande do Norte
ITAPAJÉ,2306306,5,s4,Ceará
CANÁPOLIS,2906105,4,s3,Bahia
RIACHÃO DO DANTAS,2805802,1,s0,Sergipe
SÃO BENEDITO DO SUL,2612901,2,s1,Pernambuco
PETROLÂNDIA,2611002,4,s3,Pernambuco
LAGOA REAL,2918753,4,s3,Bahia
OROCÓ,2609808,5,s4,Pernambuco
RUSSAS,2311801,4,s3,Ceará
URUBURETAMA,2313807,5,s4,Ceará
MARCOLÂNDIA,2205953,5,s4,Piauí
AROEIRAS,2501302,2,s1,Paraíba
MAXARANGUAPE,2407500,0,si,Rio Grande do Norte
JIJOCA DE JERICOACOARA,2307254,2,s1,Ceará
LAGOINHA DO PIAUÍ,2205540,2,s1,Piauí
PEDRA LAVRADA,2511103,2,s1,Paraíba
ITAGIMIRIM,2915304,1,s0,Bahia
BURITI DOS LOPES,2202000,1,s0,Piauí
IPIAÚ,2913903,1,s0,Bahia
NAZARÉ DO PIAUÍ,2206704,3,s2,Piauí
MONTANHA,3203502,0,si,Espírito Santo
BARRO DURO,2201408,3,s2,Piauí
DIVISA ALEGRE,3122355,2,s1,Minas Gerais
NÍSIA FLORESTA,2408201,0,si,Rio Grande do Norte
CAMAÇARI,2905701,1,s0,Bahia
PEDRO CANÁRIO,3204054,0,si,Espírito Santo
QUIXABEIRA,2925931,1,s0,Bahia
FEIRA NOVA DO MARANHÃO,2104073,2,s1,Maranhão
OURICURI,2609907,5,s4,Pernambuco
CAMPO ALEGRE DE LOURDES,2905909,3,s2,Bahia
IBICARAÍ,2912103,1,s0,Bahia
IBIASSUCÊ,2912004,4,s3,Bahia
SEBASTIÃO BARROS,2210623,3,s2,Piauí
LAPÃO,2919157,1,s0,Bahia
TEIXEIRA,2516706,2,s1,Paraíba
PEDRO II,2207900,4,s3,Piauí
CATURITÉ,2504355,2,s1,Paraíba
BURITIRANA,2102358,2,s1,Maranhão
CATARINA,2303600,4,s3,Ceará
JUAZEIRINHO,2507705,2,s1,Paraíba
ALAGOINHAS,2900702,2,s1,Bahia
IBICOARA,2912202,2,s1,Bahia
AGRICOLÂNDIA,2200103,2,s1,Piauí
CONDE,2908606,1,s0,Bahia
MÃE D'ÁGUA,2508703,2,s1,Paraíba
CAPELA,2801306,1,s0,Sergipe
ITAIPAVA DO GRAJAÚ,2105351,1,s0,Maranhão
UIRAÚNA,2516904,2,s1,Paraíba
ALVORADA DO GURGUÉIA,2200459,4,s3,Piauí
CAMPESTRE DO MARANHÃO,2102556,2,s1,Maranhão
CAPIM GROSSO,2906873,1,s0,Bahia
IAÇU,2911907,2,s1,Bahia
BONFIM DO PIAUÍ,2201929,4,s3,Piauí
BURITI DOS MONTES,2202026,4,s3,Piauí
RIO FORMOSO,2611903,0,si,Pernambuco
CABROBÓ,2603009,5,s4,Pernambuco
FLORES DO PIAUÍ,2203800,4,s3,Piauí
JOÃO CÂMARA,2405801,1,s0,Rio Grande do Norte
ALIANÇA,2600708,2,s1,Pernambuco
LAGOA DO OURO,2608602,2,s1,Pernambuco
CABO DE SANTO AGOSTINHO,2602902,1,s0,Pernambuco
LAVANDEIRA,1712157,3,s2,Tocantins
BREJO SANTO,2302503,4,s3,Ceará
ASSUNÇÃO,2501351,2,s1,Paraíba
FRUTUOSO GOMES,2404002,2,s1,Rio Grande do Norte
JACOBINA DO PIAUÍ,2205151,4,s3,Piauí
CEDRO,2604304,4,s3,Pernambuco
AQUIDABÃ,2800209,1,s0,Sergipe
TAGUATINGA,1720903,3,s2,Tocantins
SÃO FÉLIX,2929008,1,s0,Bahia
SÃO SEBASTIÃO DO TOCANTINS,1720309,1,s0,Tocantins
OCARA,2309458,4,s3,Ceará
ARRAIAL,2201002,3,s2,Piauí
SÃO BRÁS,2708204,1,s0,Alagoas
GUAMARÉ,2404507,4,s3,Rio Grande do Norte
ZÉ DOCA,2114007,0,si,Maranhão
SÃO BERNARDO,2110609,1,s0,Maranhão
FELIPE GUERRA,2403707,3,s2,Rio Grande do Norte
PASSAGEM FRANCA,2107902,0,si,Maranhão
SÃO MIGUEL DAS MATAS,2929404,1,s0,Bahia
CURRAL DE CIMA,2505279,2,s1,Paraíba
ÁGUA BRANCA,2200202,2,s1,Piauí
CAMPESTRE,2701357,0,si,Alagoas
IBIAPINA,2305308,3,s2,Ceará
SAPÉ,2515302,2,s1,Paraíba
TURIAÇU,2112407,3,s2,Maranhão
GRANITO,2606309,5,s4,Pernambuco
PORTEIRAS,2311108,4,s3,Ceará
COQUEIRO SECO,2702207,0,si,Alagoas
AREIA,2501104,2,s1,Paraíba
CRATEÚS,2304103,5,s4,Ceará
SÃO JOSÉ DO SERIDÓ,2412401,1,s0,Rio Grande do Norte
MANSIDÃO,2920452,3,s2,Bahia
SIRIRI,2807204,1,s0,Sergipe
ITINGA DO MARANHÃO,2105427,1,s0,Maranhão
VERDEJANTE,2616100,5,s4,Pernambuco
BOA VISTA DO GURUPI,2101970,1,s0,Maranhão
SANTO AMARO DO MARANHÃO,2110278,3,s2,Maranhão
MARANHÃOZINHO,2106375,1,s0,Maranhão
PALMAS DE MONTE ALTO,2923407,4,s3,Bahia
FREI MARTINHO,2506202,2,s1,Paraíba
MACURURÉ,2919900,3,s2,Bahia
IBATEGUARA,2703007,2,s1,Alagoas
PADRE MARCOS,2207207,5,s4,Piauí
PARAMOTI,2310407,5,s4,Ceará
QUEBRANGULO,2707602,2,s1,Alagoas
TERRA NOVA,2615201,5,s4,Pernambuco
IBIQUERA,2912608,2,s1,Bahia
RIACHUELO,2410900,1,s0,Rio Grande do Norte
LIVRAMENTO,2508505,2,s1,Paraíba
ITAPITANGA,2916609,1,s0,Bahia
BERNARDO DO MEARIM,2101939,0,si,Maranhão
TAVARES,2516607,3,s2,Paraíba
REMÍGIO,2512705,2,s1,Paraíba
TACIMA,2516409,2,s1,Paraíba
CORAÇÃO DE MARIA,2908903,3,s2,Bahia
PAU DOS FERROS,2409407,2,s1,Rio Grande do Norte
ENTRE RIOS,2910503,1,s0,Bahia
DOMINGOS MOURÃO,2203420,4,s3,Piauí
LORETO,2106102,3,s2,Maranhão
DEPUTADO IRAPUAN PINHEIRO,2304269,3,s2,Ceará
ALDEIAS ALTAS,2100303,1,s0,Maranhão
CASSERENGUE,2504157,2,s1,Paraíba
GOVERNADOR ARCHER,2104503,0,si,Maranhão
SANTO ANTÔNIO DE JESUS,2928703,1,s0,Bahia
SERRA DA RAIZ,2515609,2,s1,Paraíba
BOTUPORÃ,2904209,3,s2,Bahia
BELA VISTA DO MARANHÃO,2101772,0,si,Maranhão
PASSO DE CAMARAGIBE,2706505,0,si,Alagoas
AMÉRICA DOURADA,2901155,1,s0,Bahia
BELO JARDIM,2601706,5,s4,Pernambuco
JOÃO DOURADO,2918357,1,s0,Bahia
JURIPIRANGA,2507903,2,s1,Paraíba
FRANCISCO AYRES,2204105,3,s2,Piauí
RIACHÃO DAS NEVES,2926202,3,s2,Bahia
SÃO LUIS DO PIAUÍ,2210375,5,s4,Piauí
IPANGUAÇU,2404705,2,s1,Rio Grande do Norte
PIRACURUCA,2208304,4,s3,Piauí
ITANHÉM,2916005,0,si,Bahia
MASSAPÊ,2308005,4,s3,Ceará
ARACAJU,2800308,1,s0,Sergipe
BARRA DE SANTA ROSA,2501609,2,s1,Paraíba
SÃO FRANCISCO DO MARANHÃO,2110906,2,s1,Maranhão
SERRINHA,2930501,3,s2,Bahia
MASCOTE,2920908,1,s0,Bahia
CARAÚBAS DO PIAUÍ,2202539,1,s0,Piauí
SALVADOR,2927408,1,s0,Bahia
MAJOR SALES,2407252,2,s1,Rio Grande do Norte
GUIMARÃES,2104909,3,s2,Maranhão
BURITI DO TOCANTINS,1703800,1,s0,Tocantins
SÃO FÉLIX DO TOCANTINS,1720150,3,s2,Tocantins
SÃO JOÃO DO CARÚ,2111029,1,s0,Maranhão
ROSÁRIO,2109601,1,s0,Maranhão
WAGNER,2933406,2,s1,Bahia
SÃO FRANCISCO DE ASSIS DO PIAUÍ,2209658,4,s3,Piauí
LAMARÃO,2919108,3,s2,Bahia
SÃO FRANCISCO DO CONDE,2929206,1,s0,Bahia
BARCELONA,2401503,2,s1,Rio Grande do Norte
JOAQUIM GOMES,2703809,1,s0,Alagoas
JOÃO ALFREDO,2608107,2,s1,Pernambuco
GRANJA,2304707,2,s1,Ceará
PEDRO RÉGIS,2512721,2,s1,Paraíba
JACUÍPE,2703502,0,si,Alagoas
BARRA DO ROCHA,2903102,1,s0,Bahia
TUCANO,2931905,2,s1,Bahia
BURITI BRAVO,2102309,0,si,Maranhão
SÃO JOÃO DO PIAUÍ,2210003,4,s3,Piauí
RIACHO DE SANTO ANTÔNIO,2512788,3,s2,Paraíba
IMACULADA,2506707,2,s1,Paraíba
SÃO JOÃO DO PARAÍSO,3162708,3,s2,Minas Gerais
CAPOEIRAS,2603801,4,s3,Pernambuco
IPIRANGA DO PIAUÍ,2204808,4,s3,Piauí
BACURI,2101301,3,s2,Maranhão
TENENTE LAURENTINO CRUZ,2414159,2,s1,Rio Grande do Norte
BARRA,2902708,3,s2,Bahia
CORIBE,2909109,4,s3,Bahia
IPUEIRA,2404804,1,s0,Rio Grande do Norte
PEDRÃO,2924108,3,s2,Bahia
TAMANDARÉ,2614857,0,si,Pernambuco
SÃO CRISTÓVÃO,2806701,1,s0,Sergipe
ABARÉ,2900207,5,s4,Bahia
VILA NOVA DO PIAUÍ,2211605,5,s4,Piauí
PERITORÓ,2108454,0,si,Maranhão
BONINAL,2904001,2,s1,Bahia
ITAGI,2915106,1,s0,Bahia
CRAVOLÂNDIA,2909505,1,s0,Bahia
JUNCO DO SERIDÓ,2507804,2,s1,Paraíba
SÃO BENTO,2110500,1,s0,Maranhão
DOM PEDRO,2103802,0,si,Maranhão
SÃO JOÃO DA FRONTEIRA,2209872,4,s3,Piauí
PEDRAS DE FOGO,2511202,2,s1,Paraíba
SÃO JOÃO DA CANABRAVA,2209856,5,s4,Piauí
BARRA DE SÃO MIGUEL,2501708,3,s2,Paraíba
SANTO ESTÊVÃO,2928802,3,s2,Bahia
SÃO JOÃO DOS PATOS,2111102,2,s1,Maranhão
BOA VISTA DO TUPIM,2903805,2,s1,Bahia
FLORIANO,2203909,3,s2,Piauí
ITAPECURU MIRIM,2105401,0,si,Maranhão
FELIZ DESERTO,2702702,0,si,Alagoas
CENTRAL DO MARANHÃO,2103125,3,s2,Maranhão
ACARAPE,2300150,4,s3,Ceará
ITAPARICA,2916104,1,s0,Bahia
SANTA TEREZINHA,2928505,2,s1,Bahia
MATA GRANDE,2705002,4,s3,Alagoas
SANTANA DOS GARROTES,2513604,2,s1,Paraíba
LAGOA DOS GATOS,2608701,2,s1,Pernambuco
CAMPO GRANDE,2701506,1,s0,Alagoas
TABIRA,2614600,3,s2,Pernambuco
GADO BRAVO,2506251,2,s1,Paraíba
RIO TINTO,2512903,2,s1,Paraíba
JOSÉ DA PENHA,2406007,2,s1,Rio Grande do Norte
BANANEIRAS,2501500,2,s1,Paraíba
PINTADAS,2924652,2,s1,Bahia
BREJINHO,2602506,2,s1,Pernambuco
SÃO DOMINGOS,2513968,2,s1,Paraíba
DOM BASÍLIO,2910107,3,s2,Bahia
MUNIZ FERREIRA,2922201,1,s0,Bahia
MAETINGA,2919959,3,s2,Bahia
PACATUBA,2804904,1,s0,Sergipe
CALDEIRÃO GRANDE,2905503,1,s0,Bahia
QUIPAPÁ,2611507,2,s1,Pernambuco
NOVA REDENÇÃO,2922854,2,s1,Bahia
SAIRÉ,2612000,3,s2,Pernambuco
JABOATÃO DOS GUARARAPES,2607901,1,s0,Pernambuco
OLIVEIRA DOS BREJINHOS,2923209,2,s1,Bahia
ARARIPE,2301307,5,s4,Ceará
SALOÁ,2612307,3,s2,Pernambuco
JARDIM DE ANGICOS,2405504,2,s1,Rio Grande do Norte
SANTA BRÍGIDA,2927606,2,s1,Bahia
PARANATAMA,2610301,3,s2,Pernambuco
MOMBAÇA,2308500,5,s4,Ceará
PIMENTEIRAS,2208106,5,s4,Piauí
MORRO DO CHAPÉU DO PIAUÍ,2206670,1,s0,Piauí
ITAMARI,2915700,1,s0,Bahia
SÃO GABRIEL,2929255,1,s0,Bahia
CAIÇARA,2503605,2,s1,Paraíba
QUIJINGUE,2925907,1,s0,Bahia
BOM JARDIM,2102002,1,s0,Maranhão
CACULÉ,2905008,4,s3,Bahia
TRAIPU,2709202,1,s0,Alagoas
EUSÉBIO,2304285,4,s3,Ceará
BREJO DO PIAUÍ,2201988,4,s3,Piauí
PESQUEIRA,2610905,5,s4,Pernambuco
COLÔNIA DO PIAUÍ,2202778,4,s3,Piauí
SERRA DOURADA,2930303,4,s3,Bahia
UNIÃO,2211100,2,s1,Piauí
LAGOA DE SÃO FRANCISCO,2205573,4,s3,Piauí
VISTA SERRANA,2505501,1,s0,Paraíba
PORTO SEGURO,2925303,0,si,Bahia
BOCAINA,2201804,5,s4,Piauí
MATINA,2921054,4,s3,Bahia
ITAREMA,2306553,4,s3,Ceará
IBIMIRIM,2606606,4,s3,Pernambuco
SÃO VICENTE DO SERIDÓ,2515401,2,s1,Paraíba
BARREIRAS,2903201,3,s2,Bahia
PRESIDENTE VARGAS,2109304,0,si,Maranhão
SÃO VICENTE FÉRRER,2613800,2,s1,Pernambuco
JACARÉ DOS HOMENS,2703403,2,s1,Alagoas
TIMON,2112209,2,s1,Maranhão
LENÇÓIS,2919306,2,s1,Bahia
MACARANI,2919702,2,s1,Bahia
PAQUETÁ,2207553,4,s3,Piauí
BAIXIO,2301802,2,s1,Ceará
CACIMBA DE AREIA,2503407,1,s0,Paraíba
SENADOR GEORGINO AVELINO,2413201,0,si,Rio Grande do Norte
SANTO AMARO,2928604,2,s1,Bahia
MERUOCA,2308203,4,s3,Ceará
SAUBARA,2929750,1,s0,Bahia
CAMAMU,2905800,1,s0,Bahia
AGUIARNÓPOLIS,1700301,2,s1,Tocantins
SANTA CRUZ,2513208,2,s1,Paraíba
PINDARÉ-MIRIM,2108504,0,si,Maranhão
OLHO D'ÁGUA DO BORGES,2408409,2,s1,Rio Grande do Norte
SÃO JOSÉ DA TAPERA,2708402,2,s1,Alagoas
PEDRA MOLE,2805000,1,s0,Sergipe
CACHOEIRA GRANDE,2102374,1,s0,Maranhão
UNIÃO DOS PALMARES,2709301,2,s1,Alagoas
PEDRINHAS,2805109,1,s0,Sergipe
CUMARU,2604908,3,s2,Pernambuco
RIBEIRA DO AMPARO,2926509,1,s0,Bahia
BREJO DOS SANTOS,2502904,1,s0,Paraíba
DIAS D'ÁVILA,2910057,1,s0,Bahia
BANDEIRA,3105202,1,s0,Minas Gerais
NOVA SANTA RITA,2207959,4,s3,Piauí
IELMO MARINHO,2404606,0,si,Rio Grande do Norte
NOVA OLINDA DO MARANHÃO,2107357,0,si,Maranhão
FRONTEIRAS,2204303,5,s4,Piauí
SENTO SÉ,2930204,3,s2,Bahia
REGENERAÇÃO,2208809,3,s2,Piauí
ALTO ALEGRE DO MARANHÃO,2100436,0,si,Maranhão
IPECAETÁ,2913804,3,s2,Bahia
MARCAÇÃO,2509057,2,s1,Paraíba
CAAPORÃ,2503001,2,s1,Paraíba
IBITIARA,2913002,2,s1,Bahia
ARACATU,2902005,3,s2,Bahia
AÇU,2400208,3,s2,Rio Grande do Norte
CAJUEIRO DA PRAIA,2202083,1,s0,Piauí
ALTO LONGÁ,2200301,4,s3,Piauí
ELISEU MARTINS,2203602,3,s2,Piauí
ERERÊ,2304277,2,s1,Ceará
PAULO JACINTO,2706604,2,s1,Alagoas
CAMOCIM DE SÃO FÉLIX,2603504,3,s2,Pernambuco
BRUMADO,2904605,3,s2,Bahia
BOA VISTA,2502151,2,s1,Paraíba
MIGUEL CALMON,2921203,1,s0,Bahia
IMPERATRIZ,2105302,2,s1,Maranhão
CAMPINA GRANDE,2504009,2,s1,Paraíba
SOUTO SOARES,2930808,2,s1,Bahia
CARNAUBAIS,2402501,4,s3,Rio Grande do Norte
VIEIRÓPOLIS,2517209,2,s1,Paraíba
OLHO D'ÁGUA DO PIAUÍ,2207108,3,s2,Piauí
SANTO ANTÔNIO,2411502,1,s0,Rio Grande do Norte
SÃO JOSÉ DE PRINCESA,2514552,3,s2,Paraíba
ITAMBÉ,2915809,3,s2,Bahia
SANTANA DO SÃO FRANCISCO,2806404,1,s0,Sergipe
IRECÊ,2914604,1,s0,Bahia
CARRAPATEIRA,2504108,2,s1,Paraíba
TAMBORIL DO PIAUÍ,2210953,4,s3,Piauí
VICÊNCIA,2616308,2,s1,Pernambuco
UMBUZEIRO,2517001,2,s1,Paraíba
AFOGADOS DA INGAZEIRA,2600104,3,s2,Pernambuco
NOVA COLINAS,2107258,3,s2,Maranhão
OEIRAS,2207009,4,s3,Piauí
PATOS,2510808,1,s0,Paraíba
SIMPLÍCIO MENDES,2210805,4,s3,Piauí
LAGOA DO PIAUÍ,2205581,3,s2,Piauí
CASINHAS,2604155,2,s1,Pernambuco
ITATIRA,2306603,5,s4,Ceará
MOREILÂNDIA,2614303,5,s4,Pernambuco
JUAZEIRO DO PIAUÍ,2205516,4,s3,Piauí
PARANÁ,2408607,2,s1,Rio Grande do Norte
SANTANA DO ACARAÚ,2312007,4,s3,Ceará
PALMÓPOLIS,3146750,0,si,Minas Gerais
SALGADINHO,2513000,2,s1,Paraíba
MULUNGU,2309102,5,s4,Ceará
GILBUÉS,2204402,3,s2,Piauí
SÃO MIGUEL DO TAPUIO,2210409,4,s3,Piauí
MOSSORÓ,2408003,3,s2,Rio Grande do Norte
IBIRAJUBA,2606705,3,s2,Pernambuco
ESPERANTINA,2203701,1,s0,Piauí
CERRO CORÁ,2402709,2,s1,Rio Grande do Norte
CARRASCO BONITO,1703891,1,s0,Tocantins
SÃO MIGUEL DA BAIXA GRANDE,2210383,3,s2,Piauí
SÃO MIGUEL DOS MILAGRES,2708709,0,si,Alagoas
SÃO VICENTE,2413003,2,s1,Rio Grande do Norte
LIVRAMENTO DE NOSSA SENHORA,2919504,3,s2,Bahia
PORTO CALVO,2707305,0,si,Alagoas
SÃO JOSÉ DE CAIANA,2514305,2,s1,Paraíba
SENADOR LA ROCQUE,2111763,2,s1,Maranhão
PAU BRASIL,2923902,1,s0,Bahia
MONSENHOR GIL,2206407,3,s2,Piauí
TACAIMBÓ,2614709,4,s3,Pernambuco
PORTO ALEGRE DO PIAUÍ,2208551,2,s1,Piauí
BENTO FERNANDES,2401602,1,s0,Rio Grande do Norte
SERRA DO RAMALHO,2930154,4,s3,Bahia
ANTÔNIO ALMEIDA,2200806,2,s1,Piauí
TRACUNHAÉM,2615508,2,s1,Pernambuco
MACAMBIRA,2803708,1,s0,Sergipe
SÃO JOSÉ DO DIVINO,2210052,2,s1,Piauí
JATOBÁ DO PIAUÍ,2205276,4,s3,Piauí
VITÓRIA DO MEARIM,2112902,0,si,Maranhão
ARÊS,2401206,0,si,Rio Grande do Norte
CARACOL,2202505,4,s3,Piauí
GRACHO CARDOSO,2802601,1,s0,Sergipe
IBIPEBA,2912400,2,s1,Bahia
CABACEIRAS DO PARAGUAÇU,2904852,2,s1,Bahia
IUIU,2917334,4,s3,Bahia
JACARAÚ,2507309,2,s1,Paraíba
MESSIAS TARGINO,2407609,1,s0,Rio Grande do Norte
PINDORETAMA,2310852,4,s3,Ceará
ALAGOINHA,2500502,2,s1,Paraíba
PRIMEIRA CRUZ,2109403,3,s2,Maranhão
SÃO PEDRO DA ÁGUA BRANCA,2111532,1,s0,Maranhão
LAGOA DO CARRO,2608453,2,s1,Pernambuco
PLANALTINO,2924900,2,s1,Bahia
DIAMANTE,2505600,2,s1,Paraíba
SENADOR ELÓI DE SOUZA,2413102,1,s0,Rio Grande do Norte
BALSAS,2101400,3,s2,Maranhão
BARRA DE SANTO ANTÔNIO,2700508,0,si,Alagoas
JABORANDI,2917359,4,s3,Bahia
BARAÚNA,2501534,2,s1,Paraíba
NEÓPOLIS,2804409,1,s0,Sergipe
ITAINÓPOLIS,2205003,4,s3,Piauí
SÃO JOÃO DO CARIRI,2514008,3,s2,Paraíba
HIDROLÂNDIA,2305209,4,s3,Ceará
PALMEIRÂNDIA,2107605,1,s0,Maranhão
SANTO INÁCIO DO PIAUÍ,2209500,4,s3,Piauí
ITABUNA,2914802,1,s0,Bahia
RIACHO DA CRUZ,2410702,2,s1,Rio Grande do Norte
ITAPIÚNA,2306504,5,s4,Ceará
MANOEL VITORINO,2920403,2,s1,Bahia
ALAGOINHA DO PIAUÍ,2200251,5,s4,Piauí
SERRA NEGRA DO NORTE,2413409,1,s0,Rio Grande do Norte
SIRINHAÉM,2614204,0,si,Pernambuco
FORTUNA,2104206,0,si,Maranhão
AFONSO CUNHA,2100105,1,s0,Maranhão
MARCO,2307809,4,s3,Ceará
PORTO REAL DO COLÉGIO,2707503,1,s0,Alagoas
JATOBÁ,2105450,0,si,Maranhão
TRINDADE,2615607,5,s4,Pernambuco
COCAL,2202703,1,s0,Piauí
DOM ELISEU,1502939,1,s0,Pará
SIGEFREDO PACHECO,2210656,4,s3,Piauí
SÃO JOÃO BATISTA,2111003,0,si,Maranhão
UTINGA,2932804,2,s1,Bahia
CRATO,2304202,4,s3,Ceará
FRANCISCO DANTAS,2403905,2,s1,Rio Grande do Norte
UPANEMA,2414605,2,s1,Rio Grande do Norte
TACARATU,2614808,4,s3,Pernambuco
SAÚDE,2929800,1,s0,Bahia
SANTA CRUZ CABRÁLIA,2927705,0,si,Bahia
PACOTI,2309805,5,s4,Ceará
NOVA ITARANA,2922805,2,s1,Bahia
MAMANGUAPE,2508901,2,s1,Paraíba
SÃO MIGUEL DO TOCANTINS,1720200,2,s1,Tocantins
ICAPUÍ,2305357,4,s3,Ceará
ALTO DO RODRIGUES,2400703,4,s3,Rio Grande do Norte
PARAIBANO,2107704,1,s0,Maranhão
GUANAMBI,2911709,4,s3,Bahia
ÁGUA DOCE DO MARANHÃO,2100154,0,si,Maranhão
CARNEIROS,2701803,2,s1,Alagoas
IPUBI,2607307,5,s4,Pernambuco
PRESIDENTE JUSCELINO,2109205,1,s0,Maranhão
MUTUÍPE,2922409,1,s0,Bahia
MUNDO NOVO,2922102,2,s1,Bahia
UBAÍRA,2932101,1,s0,Bahia
SÃO DOMINGOS,5219803,3,s2,Goiás
RIACHO DE SANTANA,2410801,2,s1,Rio Grande do Norte
LUÍS DOMINGUES,2106201,2,s1,Maranhão
RIBEIRA DO POMBAL,2926608,1,s0,Bahia
IGRAPIÚNA,2913457,1,s0,Bahia
CHÃ PRETA,2701902,2,s1,Alagoas
JAÇANÃ,2405009,2,s1,Rio Grande do Norte
GUAJERU,2911659,3,s2,Bahia
CAPELA,2701704,2,s1,Alagoas
CHAPADINHA,2103208,1,s0,Maranhão
CAMPOS LINDOS,1703842,3,s2,Tocantins
AGRESTINA,2600302,3,s2,Pernambuco
FILADÉLFIA,1707702,2,s1,Tocantins
PEDRO VELHO,2409803,1,s0,Rio Grande do Norte
PINDAÍ,2924504,4,s3,Bahia
ITABERABA,2914703,2,s1,Bahia
ITAÚ,2404903,2,s1,Rio Grande do Norte
PEREIRO,2310803,2,s1,Ceará
JIQUIRIÇÁ,2918209,1,s0,Bahia
CAMPO GRANDE DO PIAUÍ,2202133,5,s4,Piauí
ITABI,2803104,1,s0,Sergipe
JAGUARARI,2917706,4,s3,Bahia
GOVERNADOR DIX-SEPT ROSADO,2404309,3,s2,Rio Grande do Norte
GOIANINHA,2404200,1,s0,Rio Grande do Norte
CONCEIÇÃO DO ALMEIDA,2908309,1,s0,Bahia
IRARÁ,2914505,3,s2,Bahia
SANTA TERESINHA,2513802,1,s0,Paraíba
CONCEIÇÃO DO COITÉ,2908408,2,s1,Bahia
BELO MONTE,2700904,1,s0,Alagoas
ESTÂNCIA,2802106,1,s0,Sergipe
AUGUSTO SEVERO,2401305,2,s1,Rio Grande do Norte
PACATUBA,2309706,4,s3,Ceará
TAPIRAMUTÁ,2931301,2,s1,Bahia
GAVIÃO,2911253,2,s1,Bahia
FERNANDO DE NORONHA,2605459,0,si,Pernambuco
MADRE DE DEUS,2919926,1,s0,Bahia
PAULISTANA,2207801,5,s4,Piauí
LAGARTO,2803500,1,s0,Sergipe
INHUMA,2204709,4,s3,Piauí
CORDEIROS,2909000,3,s2,Bahia
SÃO BENTINHO,2513927,1,s0,Paraíba
CIDELÂNDIA,2103257,2,s1,Maranhão
CONDADO,2604601,2,s1,Pernambuco
CAATIBA,2904803,3,s2,Bahia
SÃO FRANCISCO,2806909,1,s0,Sergipe
EXTREMOZ,2403608,0,si,Rio Grande do Norte
ALTO ALEGRE DO PINDARÉ,2100477,1,s0,Maranhão
GENERAL SAMPAIO,2304608,5,s4,Ceará
PUXINANÃ,2512408,2,s1,Paraíba
POMBAL,2512101,2,s1,Paraíba
ARNEIROZ,2301505,4,s3,Ceará
CANARANA,2906204,1,s0,Bahia
IGUAÍ,2913507,2,s1,Bahia
AMARGOSA,2901007,1,s0,Bahia
MIRANDIBA,2609303,4,s3,Pernambuco
SOLEDADE,2516102,2,s1,Paraíba
MOITA BONITA,2804102,1,s0,Sergipe
VÁRZEA NOVA,2933158,1,s0,Bahia
TAPEROÁ,2516508,2,s1,Paraíba
GENERAL MAYNARD,2802502,1,s0,Sergipe
SÃO MIGUEL DO FIDALGO,2210391,4,s3,Piauí
BACABEIRA,2101251,1,s0,Maranhão
CONDADO,2504504,1,s0,Paraíba
QUIXERÉ,2311504,4,s3,Ceará
MURITIBA,2922300,1,s0,Bahia
ITAJUÍPE,2915502,1,s0,Bahia
RIO DO ANTÔNIO,2926806,3,s2,Bahia
SERRINHA,2413508,1,s0,Rio Grande do Norte
TABULEIRO DO NORTE,2313104,4,s3,Ceará
MORRINHOS,2308906,4,s3,Ceará
SÍTIO DO QUINTO,2930766,1,s0,Bahia
SENHOR DO BONFIM,2930105,4,s3,Bahia
ITAPÉ,2916203,1,s0,Bahia
SERRANO DO MARANHÃO,2111789,3,s2,Maranhão
GANDU,2911204,1,s0,Bahia
JAPI,2405405,2,s1,Rio Grande do Norte
NOVA IORQUE,2107308,2,s1,Maranhão
ITAQUITINGA,2607802,2,s1,Pernambuco
SANTANA,2928208,4,s3,Bahia
ANAPURUS,2100808,1,s0,Maranhão
SANTANA DO PIAUÍ,2209351,5,s4,Piauí
MATIAS CARDOSO,3140852,4,s3,Minas Gerais
BARREIRAS DO PIAUÍ,2201309,3,s2,Piauí
GRAÇA,2304657,4,s3,Ceará
BEBERIBE,2302206,4,s3,Ceará
MIRAÍMA,2308377,5,s4,Ceará
IGREJA NOVA,2703205,1,s0,Alagoas
SÃO JOÃO DO SOTER,2111078,0,si,Maranhão
ANÍSIO DE ABREU,2200707,4,s3,Piauí
DONA INÊS,2505709,2,s1,Paraíba
MURICI DOS PORTELAS,2206696,1,s0,Piauí
PARNAÍBA,2207702,1,s0,Piauí
BERTOLÍNIA,2201705,3,s2,Piauí
SANTANA DO MARANHÃO,2110237,0,si,Maranhão
NOVA ESPERANÇA DO PIRIÁ,1504950,0,si,Pará
TORITAMA,2615409,4,s3,Pernambuco
TEIXEIRA DE FREITAS,2931350,0,si,Bahia
MIRANTE,2921450,3,s2,Bahia
COLÔNIA LEOPOLDINA,2702108,1,s0,Alagoas
CARLOS CHAGAS,3113701,0,si,Minas Gerais
CAJAZEIRAS DO PIAUÍ,2202075,3,s2,Piauí
MAR VERMELHO,2704906,2,s1,Alagoas
CONCEIÇÃO DA BARRA,3201605,0,si,Espírito Santo
PARNARAMA,2107803,1,s0,Maranhão
CAMPINAS DO PIAUÍ,2202109,4,s3,Piauí
PENALVA,2108306,0,si,Maranhão
OLHO D'ÁGUA DO CASADO,2705804,2,s1,Alagoas
TAUÁ,2313302,5,s4,Ceará
MATA VERDE,3140555,1,s0,Minas Gerais
PINDOBA,2707008,2,s1,Alagoas
TUTÓIA,2112506,0,si,Maranhão
FARIAS BRITO,2304301,3,s2,Ceará
IGAPORÃ,2913408,4,s3,Bahia
DIRCEU ARCOVERDE,2203354,3,s2,Piauí
NORDESTINA,2922656,1,s0,Bahia
MEDEIROS NETO,2921104,0,si,Bahia
JOAQUIM PIRES,2205409,1,s0,Piauí
SANTA MARIA DO CAMBUCÁ,2612703,3,s2,Pernambuco
POÇO VERDE,2805505,1,s0,Sergipe
BARBALHA,2301901,4,s3,Ceará
CAMPO ALEGRE DO FIDALGO,2202117,4,s3,Piauí
PALMARES,2610004,2,s1,Pernambuco
SÃO DOMINGOS DO MARANHÃO,2110708,0,si,Maranhão
ARAPIRACA,2700300,1,s0,Alagoas
ESPERANTINA,1707405,1,s0,Tocantins
JACOBINA,2917508,1,s0,Bahia
BELO CAMPO,2903508,3,s2,Bahia
ITAPIPOCA,2306405,5,s4,Ceará
VENHA-VER,2414753,2,s1,Rio Grande do Norte
ITAPOROROCA,2507101,2,s1,Paraíba
ANTONINA DO NORTE,2300804,4,s3,Ceará
BOM PRINCÍPIO DO PIAUÍ,2201919,1,s0,Piauí
ALTINHO,2600807,3,s2,Pernambuco
PAÇO DO LUMIAR,2107506,3,s2,Maranhão
PATU,2409308,2,s1,Rio Grande do Norte
FORMOSA DA SERRA NEGRA,2104099,2,s1,Maranhão
ABAIARA,2300101,3,s2,Ceará
LUCENA,2508604,2,s1,Paraíba
JUREMA,2608404,2,s1,Pernambuco
JOÃO LISBOA,2105500,2,s1,Maranhão
ALEGRETE DO PIAUÍ,2200277,5,s4,Piauí
CURRAL NOVO DO PIAUÍ,2203271,5,s4,Piauí
WALL FERRAZ,2211704,4,s3,Piauí
ARARENDÁ,2301257,4,s3,Ceará
MATA ROMA,2106409,1,s0,Maranhão
VERTENTES,2616209,3,s2,Pernambuco
SANTA BÁRBARA,2927507,3,s2,Bahia
AURELINO LEAL,2902401,1,s0,Bahia
ARARUNA,2501005,2,s1,Paraíba
MORROS,2107100,2,s1,Maranhão
DAMIÃO,2505352,2,s1,Paraíba
MIRANDA DO NORTE,2106755,0,si,Maranhão
LICÍNIO DE ALMEIDA,2919405,4,s3,Bahia
DOM EXPEDITO LOPES,2203404,4,s3,Piauí
JUCÁS,2307403,3,s2,Ceará
SOBRADINHO,2930774,3,s2,Bahia
SUMÉ,2516300,3,s2,Paraíba
ESTRELA DE ALAGOAS,2702553,2,s1,Alagoas
JUSSARI,2918555,1,s0,Bahia
PINHÃO,2805208,1,s0,Sergipe
MONTE SANTO,2921500,3,s2,Bahia
ARARI,2101004,0,si,Maranhão
RIO REAL,2927002,1,s0,Bahia
IBIARA,2506608,3,s2,Paraíba
LAGOA,2508109,1,s0,Paraíba
BURITICUPU,2102325,1,s0,Maranhão
AMONTADA,2300754,4,s3,Ceará
TOBIAS BARRETO,2807402,1,s0,Sergipe
SÃO DOMINGOS,2928950,2,s1,Bahia
CAMPO FORMOSO,2906006,4,s3,Bahia
FEIRA DA MATA,2910776,4,s3,Bahia
BARRA DE GUABIRABA,2601300,2,s1,Pernambuco
MORPARÁ,2921609,2,s1,Bahia
VITÓRIA DE SANTO ANTÃO,2616407,2,s1,Pernambuco
MONSENHOR TABOSA,2308609,5,s4,Ceará
CAMACAN,2905602,1,s0,Bahia
LAGOA GRANDE DO MARANHÃO,2105963,0,si,Maranhão
NOVA VIÇOSA,2923001,0,si,Bahia
PENAFORTE,2310605,4,s3,Ceará
ÁGUA FRIA,2900405,3,s2,Bahia
FRANCINÓPOLIS,2204006,4,s3,Piauí
COITÉ DO NÓIA,2702009,1,s0,Alagoas
ARAÇÁS,2902054,1,s0,Bahia
BUÍQUE,2602803,4,s3,Pernambuco
AMPARO DE SÃO FRANCISCO,2800100,1,s0,Sergipe
BELMONTE,2903409,1,s0,Bahia
CACHOEIRINHA,2603108,4,s3,Pernambuco
MONTE DAS GAMELEIRAS,2407906,2,s1,Rio Grande do Norte
BETÂNIA DO PIAUÍ,2201739,5,s4,Piauí
CRUZ DAS ALMAS,2909802,1,s0,Bahia
ITAGIBÁ,2915205,1,s0,Bahia
AROEIRAS DO ITAIM,2200954,4,s3,Piauí
ARATUÍPE,2902302,1,s0,Bahia
CARMÓPOLIS,2801504,1,s0,Sergipe
RIACHÃO,2512747,2,s1,Paraíba
SANTALUZ,2928000,2,s1,Bahia
BARRA DO CHOÇA,2902906,3,s2,Bahia
NOVO LINO,2705606,0,si,Alagoas
IBIRATAIA,2912905,1,s0,Bahia
BARRA DE SÃO MIGUEL,2700607,0,si,Alagoas
BELÉM DO PIAUÍ,2201572,5,s4,Piauí
SEBASTIÃO LARANJEIRAS,2930006,4,s3,Bahia
CENTRO NOVO DO MARANHÃO,2103174,1,s0,Maranhão
SENADOR RUI PALMEIRA,2708956,2,s1,Alagoas
MACAJUBA,2919603,2,s1,Bahia
MAIQUINIQUE,2920007,1,s0,Bahia
SÃO BRAZ DO PIAUÍ,2209559,4,s3,Piauí
JUSSARA,2918506,1,s0,Bahia
ALGODÃO DE JANDAÍRA,2500577,2,s1,Paraíba
SALTO DA DIVISA,3157104,1,s0,Minas Gerais
CARIRA,2801405,1,s0,Sergipe
NOSSA SENHORA DO SOCORRO,2804805,1,s0,Sergipe
IPIRÁ,2914000,2,s1,Bahia
JUCURUTU,2406106,2,s1,Rio Grande do Norte
CONGO,2504702,3,s2,Paraíba
LAGOA ALEGRE,2205557,3,s2,Piauí
BREJO GRANDE,2800704,0,si,Sergipe
SÃO ROBERTO,2111672,0,si,Maranhão
CARAVELAS,2906907,0,si,Bahia
CORRENTES,2604700,2,s1,Pernambuco
BELÉM DO SÃO FRANCISCO,2601607,5,s4,Pernambuco
BARRA DE SANTANA,2501575,2,s1,Paraíba
BRASILEIRA,2201960,4,s3,Piauí
CANHOBA,2801108,1,s0,Sergipe
LAGOA SECA,2508307,2,s1,Paraíba
MORADA NOVA,2308708,4,s3,Ceará
CACHOEIRA DOS ÍNDIOS,2503308,2,s1,Paraíba
SEBASTIÃO LEAL,2210631,4,s3,Piauí
CACIMBAS,2503555,1,s0,Paraíba
SÃO JOÃO DO ARAGUAIA,1507508,1,s0,Pará
CORURIPE,2702306,0,si,Alagoas
ACAJUTIBA,2900306,1,s0,Bahia
NOSSA SENHORA DA GLÓRIA,2804508,1,s0,Sergipe
ALAGOA GRANDE,2500304,2,s1,Paraíba
ARAGUANÃ,2100873,0,si,Maranhão
SIMÃO DIAS,2807105,1,s0,Sergipe
PILÕES,2410009,2,s1,Rio Grande do Norte
CONCEIÇÃO DA FEIRA,2908200,2,s1,Bahia
GOVERNADOR NEWTON BELLO,2104651,0,si,Maranhão
EQUADOR,2403400,2,s1,Rio Grande do Norte
BEQUIMÃO,2101905,3,s2,Maranhão
CAMPOS BELOS,5204904,3,s2,Goiás
SÃO CAITANO,2613107,4,s3,Pernambuco
GAMELEIRA,2605905,1,s0,Pernambuco
BATALHA,2700706,2,s1,Alagoas
MATIAS OLÍMPIO,2206100,1,s0,Piauí
SÃO JOSÉ DO BELMONTE,2613503,4,s3,Pernambuco
PILÃO ARCADO,2924405,3,s2,Bahia
FEIRA NOVA,2802205,1,s0,Sergipe
SERRA TALHADA,2613909,4,s3,Pernambuco
BANZAÊ,2902658,1,s0,Bahia
SÃO MATEUS DO MARANHÃO,2111508,0,si,Maranhão
ARAME,2100956,1,s0,Maranhão
OURO VELHO,2510600,3,s2,Paraíba
LIMOEIRO,2608909,2,s1,Pernambuco
MARCELINO VIEIRA,2407302,2,s1,Rio Grande do Norte
JOÃO PESSOA,2507507,2,s1,Paraíba
TIBAU,2411056,3,s2,Rio Grande do Norte
ITAITINGA,2306256,4,s3,Ceará
PARAIPABA,2310258,5,s4,Ceará
PIRAPEMAS,2108801,0,si,Maranhão
IGARAPÉ DO MEIO,2105153,0,si,Maranhão
PARATINGA,2923704,3,s2,Bahia
URUÇUCA,2932705,1,s0,Bahia
VILA FLOR,2415008,0,si,Rio Grande do Norte
JARDIM,2307106,4,s3,Ceará
TOCANTINÓPOLIS,1721208,2,s1,Tocantins
TURURU,2313559,5,s4,Ceará
NOVO ORIENTE DO PIAUÍ,2206902,4,s3,Piauí
CARIRIAÇU,2303204,3,s2,Ceará
BEZERROS,2601904,3,s2,Pernambuco
PRESIDENTE TANCREDO NEVES,2925758,1,s0,Bahia
SOBRADO,2515971,2,s1,Paraíba
PIRAMBU,2805307,1,s0,Sergipe
BRANQUINHA,2701100,2,s1,Alagoas
SAMPAIO,1718808,1,s0,Tocantins
CANAVIEIRA,2202251,3,s2,Piauí
ARAIOSES,2100907,1,s0,Maranhão
SANTA CECÍLIA,2513158,3,s2,Paraíba
IRAUÇUBA,2306108,5,s4,Ceará
BOM JESUS,2502201,2,s1,Paraíba
MARAÚ,2920700,1,s0,Bahia
BOA VENTURA,2502102,2,s1,Paraíba
COIVARAS,2202737,3,s2,Piauí
JATOBÁ,2608057,3,s2,Pernambuco
IRAMAIA,2914307,2,s1,Bahia
SÃO DOMINGOS DO CARIRI,2513943,3,s2,Paraíba
SANTA INÊS,2513356,3,s2,Paraíba
MACAPARANA,2609006,2,s1,Pernambuco
JAGUARETAMA,2306702,4,s3,Ceará
SALGUEIRO,2612208,5,s4,Pernambuco
LAJEADO NOVO,2105989,2,s1,Maranhão
BORBOREMA,2502706,2,s1,Paraíba
SENADOR SÁ,2312809,4,s3,Ceará
BELÉM,2501906,2,s1,Paraíba
JAGUARIBE,2306900,2,s1,Ceará
SÃO RAFAEL,2412807,2,s1,Rio Grande do Norte
MANAÍRA,2509008,3,s2,Paraíba
SÃO FRANCISCO DO PIAUÍ,2209708,4,s3,Piauí
ITAPETIM,2607703,2,s1,Pernambuco
MILAGRES DO MARANHÃO,2106672,1,s0,Maranhão
MUCUGÊ,2921906,2,s1,Bahia
PAUDALHO,2610608,2,s1,Pernambuco
GOVERNADOR EUGÊNIO BARROS,2104602,0,si,Maranhão
LAJES,2406700,2,s1,Rio Grande do Norte
RAFAEL JAMBEIRO,2925956,2,s1,Bahia
SANTA LUZ,2209302,4,s3,Piauí
SANTA LUZIA,2513406,1,s0,Paraíba
MARTINS,2407401,2,s1,Rio Grande do Norte
IPAPORANGA,2305654,4,s3,Ceará
SOSSÊGO,2516151,2,s1,Paraíba
RECURSOLÂNDIA,1718501,3,s2,Tocantins
ANGUERA,2901502,3,s2,Bahia
BARRA DA ESTIVA,2902807,3,s2,Bahia
JAQUEIRA,2607950,2,s1,Pernambuco
CARPINA,2604007,2,s1,Pernambuco
TABOCAS DO BREJO VELHO,2930907,4,s3,Bahia
AMAPÁ DO MARANHÃO,2100550,2,s1,Maranhão
LUÍS EDUARDO MAGALHÃES,2919553,3,s2,Bahia
SÃO FÉLIX DO PIAUÍ,2209609,4,s3,Piauí
GOIATINS,1709005,3,s2,Tocantins
LUZILÂNDIA,2205805,1,s0,Piauí
LAJEDO,2608800,3,s2,Pernambuco
GIRAU DO PONCIANO,2702900,1,s0,Alagoas
LAGO DOS RODRIGUES,2105948,0,si,Maranhão
CONDE,2504603,2,s1,Paraíba
BATALHA,2201507,4,s3,Piauí
GAMELEIRAS,3127339,4,s3,Minas Gerais
ANTAS,2901601,1,s0,Bahia
SABOEIRO,2311900,4,s3,Ceará
CANAPI,2701605,3,s2,Alagoas
ACARAÚ,2300200,4,s3,Ceará
INDIAROBA,2802809,1,s0,Sergipe
MALTA,2508802,1,s0,Paraíba
PILÕEZINHOS,2511707,2,s1,Paraíba
BOM JARDIM,2602209,2,s1,Pernambuco
SANTA ROSA DO PIAUÍ,2209377,4,s3,Piauí
FERNANDO PEDROZA,2403756,2,s1,Rio Grande do Norte
MARCIONÍLIO SOUZA,2920809,2,s1,Bahia
BOQUEIRÃO DO PIAUÍ,2201945,4,s3,Piauí
CABEDELO,2503209,2,s1,Paraíba
CONCEIÇÃO,2504405,3,s2,Paraíba
SALGADINHO,2612109,2,s1,Pernambuco
JUREMA,2205532,4,s3,Piauí
TRIZIDELA DO VALE,2112233,0,si,Maranhão
TABOLEIRO GRANDE,2413805,2,s1,Rio Grande do Norte
ESTREITO,2104057,2,s1,Maranhão
PIRIPÁ,2924702,3,s2,Bahia
SATUBA,2708907,0,si,Alagoas
OLINDA NOVA DO MARANHÃO,2107456,0,si,Maranhão
PIRES FERREIRA,2310951,4,s3,Ceará
BENEDITO LEITE,2101806,3,s2,Maranhão
SÃO JOÃO DA VARJOTA,2209955,4,s3,Piauí
JOCA CLAUDINO,2513653,2,s1,Paraíba
SANTA CRUZ,2411205,2,s1,Rio Grande do Norte
MUQUÉM DO SÃO FRANCISCO,2922250,3,s2,Bahia
AÇAILÂNDIA,2100055,1,s0,Maranhão
SANTA QUITÉRIA,2312205,5,s4,Ceará
SÃO JOSÉ DO BONFIM,2514602,1,s0,Paraíba
CRAÍBAS,2702355,2,s1,Alagoas
LAGOA DE PEDRAS,2406304,1,s0,Rio Grande do Norte
PAULO RAMOS,2108108,0,si,Maranhão
ESPERANTINÓPOLIS,2104008,0,si,Maranhão
JARDIM DO SERIDÓ,2405702,2,s1,Rio Grande do Norte
ARACOIABA,2301208,4,s3,Ceará
MARIZÓPOLIS,2509156,2,s1,Paraíba
PITIMBU,2511905,2,s1,Paraíba
SANTA QUITÉRIA DO MARANHÃO,2110104,1,s0,Maranhão
JATI,2307205,4,s3,Ceará
IATI,2606507,3,s2,Pernambuco
MORENO,2609402,1,s0,Pernambuco
CUITEGI,2505204,2,s1,Paraíba
ESPLANADA,2910602,1,s0,Bahia
CARIDADE,2303006,5,s4,Ceará
ITAPORANGA,2507002,2,s1,Paraíba
IBOTIRAMA,2913200,2,s1,Bahia
JEQUIÉ,2918001,1,s0,Bahia
MADALENA,2307635,5,s4,Ceará
TANGARÁ,2414001,2,s1,Rio Grande do Norte
TUPARETAMA,2615904,3,s2,Pernambuco
SÃO FRANCISCO DO BREJÃO,2110856,2,s1,Maranhão
RAPOSA,2109452,3,s2,Maranhão
MACAU,2407203,4,s3,Rio Grande do Norte
CHORROCHÓ,2907707,4,s3,Bahia
RIACHO DOS CAVALOS,2512804,1,s0,Paraíba
NOVO SANTO ANTÔNIO,2206951,4,s3,Piauí
TERRA NOVA,2931707,1,s0,Bahia
SÃO JOAQUIM DO MONTE,2613305,3,s2,Pernambuco
MILTON BRANDÃO,2206357,4,s3,Piauí
NOVO ORIENTE,2309409,5,s4,Ceará
JENIPAPO DOS VIEIRAS,2105476,2,s1,Maranhão
PRESIDENTE JÂNIO QUADROS,2925709,3,s2,Bahia
TANQUE D'ARCA,2709004,2,s1,Alagoas
VEREDA,2933257,0,si,Bahia
ALMINO AFONSO,2400604,2,s1,Rio Grande do Norte
SANTA TEREZINHA,2612802,2,s1,Pernambuco
BARRA DO MENDES,2903003,2,s1,Bahia
MORAÚJO,2308807,4,s3,Ceará
CAMPO LARGO DO PIAUÍ,2202174,1,s0,Piauí
SÃO PEDRO DOS CRENTES,2111573,2,s1,Maranhão
SIMÕES FILHO,2930709,1,s0,Bahia
CUBATI,2505006,2,s1,Paraíba
CUPIRA,2605004,2,s1,Pernambuco
BOCA DA MATA,2701001,1,s0,Alagoas
ARAMARI,2902203,2,s1,Bahia
APICUM-AÇU,2100832,3,s2,Maranhão
ANTÔNIO CARDOSO,2901700,3,s2,Bahia
ALHANDRA,2500601,2,s1,Paraíba
SÃO JOSÉ DA LAJE,2708303,2,s1,Alagoas
PARAZINHO,2408805,1,s0,Rio Grande do Norte
ARACATI,2301109,4,s3,Ceará
SANTANA DO IPANEMA,2708006,2,s1,Alagoas
SÁTIRO DIAS,2929701,2,s1,Bahia
MONTEZUMA,3143450,3,s2,Minas Gerais
ARATUBA,2301406,5,s4,Ceará
UMBURATIBA,3170305,0,si,Minas Gerais
MAURITI,2308104,3,s2,Ceará
FREI PAULO,2802304,1,s0,Sergipe
BODÓ,2401651,2,s1,Rio Grande do Norte
OLIVENÇA,2706000,2,s1,Alagoas
EUNÁPOLIS,2910727,0,si,Bahia
SÍTIO DO MATO,2930758,4,s3,Bahia
NOVA OLINDA,2309201,4,s3,Ceará
NILO PEÇANHA,2922607,1,s0,Bahia
PARNAGUÁ,2207603,3,s2,Piauí
SANTA INÊS,2927903,1,s0,Bahia
AMÉLIA RODRIGUES,2901106,2,s1,Bahia
GUARACIABA DO NORTE,2305001,4,s3,Ceará
MACAÚBAS,2919801,3,s2,Bahia
CAPELA DO ALTO ALEGRE,2906857,2,s1,Bahia
BARROQUINHA,2302057,1,s0,Ceará
IBICUITINGA,2305332,4,s3,Ceará
GUARANI DE GOIÁS,5209408,3,s2,Goiás
UIBAÍ,2932408,1,s0,Bahia
RIO DO FOGO,2408953,0,si,Rio Grande do Norte
SERRA PRETA,2930402,3,s2,Bahia
JAGUAQUARA,2917607,1,s0,Bahia
CARIDADE DO PIAUÍ,2202554,5,s4,Piauí
ITACARÉ,2914901,1,s0,Bahia
IPUEIRAS,2305902,4,s3,Ceará
ANAJATUBA,2100709,0,si,Maranhão
ELÍSIO MEDRADO,2910305,1,s0,Bahia
BERTÓPOLIS,3106606,0,si,Minas Gerais
CURRAL VELHO,2505303,3,s2,Paraíba
BERNARDINO BATISTA,2502052,2,s1,Paraíba
SÃO JOÃO DA SERRA,2209906,4,s3,Piauí
NOVA CRUZ,2408300,2,s1,Rio Grande do Norte
NOVA RUSSAS,2309300,4,s3,Ceará
SÃO JOSÉ DE PIRANHAS,2514503,2,s1,Paraíba
CAETITÉ,2905206,4,s3,Bahia
ENCRUZILHADA,2910404,3,s2,Bahia
MONTEIRÓPOLIS,2705408,2,s1,Alagoas
ALMADINA,2900900,1,s0,Bahia
BAÍA DA TRAIÇÃO,2501401,1,s0,Paraíba
AREIAL,2501203,2,s1,Paraíba
FILADÉLFIA,2910859,2,s1,Bahia
JUCATI,2608255,3,s2,Pernambuco
DOM INOCÊNCIO,2203453,4,s3,Piauí
POÇÃO,2611200,5,s4,Pernambuco
VIÇOSA,2709400,2,s1,Alagoas
CACHOEIRA,2904902,1,s0,Bahia
UMARIZAL,2414506,2,s1,Rio Grande do Norte
BURITIRAMA,2904753,3,s2,Bahia
BONITO,2602308,2,s1,Pernambuco
CAIÇARA DO NORTE,2401859,2,s1,Rio Grande do Norte
ARAUÁ,2800407,1,s0,Sergipe
NINHEIRA,3144656,3,s2,Minas Gerais
VERA MENDES,2211506,4,s3,Piauí
TERESINA,2211001,2,s1,Piauí
IGACI,2703106,2,s1,Alagoas
SÃO JOSÉ DO SABUGI,2514701,1,s0,Paraíba
CACIMBINHAS,2701209,2,s1,Alagoas
JAPARATINGA,2703601,0,si,Alagoas
PENDÊNCIAS,2409902,4,s3,Rio Grande do Norte
MACAÍBA,2407104,0,si,Rio Grande do Norte
CRISTÓPOLIS,2909703,3,s2,Bahia
BARRA D'ALCÂNTARA,2201176,4,s3,Piauí
ITARANTIM,2916807,1,s0,Bahia
SÃO JOSÉ DO JACUÍPE,2929370,1,s0,Bahia
APUIARÉS,2300903,5,s4,Ceará
BARREIRINHAS,2101707,1,s0,Maranhão
LAGOA D'ANTA,2406205,2,s1,Rio Grande do Norte
JEQUIÁ DA PRAIA,2703759,0,si,Alagoas
URUOCA,2313906,3,s2,Ceará
SERRA REDONDA,2515807,2,s1,Paraíba
SANTA RITA,2110203,0,si,Maranhão
RUY BARBOSA,2927200,2,s1,Bahia
JAPARATUBA,2803302,1,s0,Sergipe
JUAREZ TÁVORA,2507606,2,s1,Paraíba
LAJEDINHO,2919009,2,s1,Bahia
EMAS,2505907,1,s0,Paraíba
AURORA,2301703,2,s1,Ceará
GUARAMIRANGA,2305100,5,s4,Ceará
CAFARNAUM,2905305,1,s0,Bahia
FORMOSO,3126208,3,s2,Minas Gerais
JOÃO DIAS,2405900,1,s0,Rio Grande do Norte
SÃO TOMÉ,2412906,2,s1,Rio Grande do Norte
CEDRAL,2103109,3,s2,Maranhão
AURORA DO TOCANTINS,1702703,3,s2,Tocantins
DUQUE BACELAR,2103901,1,s0,Maranhão
BABAÇULÂNDIA,1703008,2,s1,Tocantins
SANTO ANTÔNIO DE LISBOA,2209401,5,s4,Piauí
SATUBINHA,2111722,0,si,Maranhão
PAES LANDIM,2207306,4,s3,Piauí
PIANCÓ,2511301,2,s1,Paraíba
QUEIMADA NOVA,2208650,4,s3,Piauí
AIUABA,2300408,5,s4,Ceará
PONTO NOVO,2925253,1,s0,Bahia
SANTA CRUZ DO CAPIBARIBE,2612505,4,s3,Pernambuco
IBIRAPUÃ,2912806,0,si,Bahia
ISAÍAS COELHO,2204907,4,s3,Piauí
TEOTÔNIO VILELA,2709152,1,s0,Alagoas
SÍTIO D'ABADIA,5220702,3,s2,Goiás
RIACHO DE SANTANA,2926400,4,s3,Bahia
PLANALTO,2925006,3,s2,Bahia
CALDAS BRANDÃO,2503803,2,s1,Paraíba
ÁGUA BRANCA,2700102,3,s2,Alagoas
POMBOS,2611309,2,s1,Pernambuco
VALENÇA DO PIAUÍ,2211308,4,s3,Piauí
POÇO BRANCO,2410108,0,si,Rio Grande do Norte
FLORESTA AZUL,2911006,1,s0,Bahia
SÃO GONÇALO DO GURGUÉIA,2209757,3,s2,Piauí
CATOLÂNDIA,2907400,3,s2,Bahia
SEABRA,2929909,2,s1,Bahia
MIGUEL ALVES,2206209,2,s1,Piauí
VISEU,1508308,1,s0,Pará
GURINHÉM,2506400,2,s1,Paraíba
MAURILÂNDIA DO TOCANTINS,1712801,2,s1,Tocantins
JOCA MARQUES,2205458,1,s0,Piauí
SERRITA,2614006,5,s4,Pernambuco
PEDREIRAS,2108207,0,si,Maranhão
MUCAMBO,2309003,4,s3,Ceará
CAMARAGIBE,2603454,1,s0,Pernambuco
SÃO PEDRO DO PIAUÍ,2210508,2,s1,Piauí
CRISTALÂNDIA DO PIAUÍ,2203008,3,s2,Piauí
SÃO GONÇALO DO AMARANTE,2312403,5,s4,Ceará
WENCESLAU GUIMARÃES,2933505,1,s0,Bahia
JOÃO COSTA,2205359,4,s3,Piauí
ITAMBÉ,2607653,2,s1,Pernambuco
ASSUNÇÃO DO PIAUÍ,2201051,4,s3,Piauí
ACAUÃ,2200053,5,s4,Piauí
QUIXABA,2512606,1,s0,Paraíba
BENEDITINOS,2201606,3,s2,Piauí
PEDRO AVELINO,2409704,3,s2,Rio Grande do Norte
LAVRAS DA MANGABEIRA,2307502,2,s1,Ceará
PALMEIRA DOS ÍNDIOS,2706307,2,s1,Alagoas
BREJÕES,2904308,2,s1,Bahia
NANUQUE,3144300,0,si,Minas Gerais
ANTÔNIO GONÇALVES,2901809,3,s2,Bahia
RIACHO DAS ALMAS,2611705,3,s2,Pernambuco
